"","Attrited Customer","Existing Customer"
"2",0.000827405058818176,0.999172594941182
"8",0.104957935663892,0.895042064336108
"18",0.00331197457084187,0.996688025429158
"21",0.129853123502954,0.870146876497046
"22",0.000620611794664438,0.999379388205336
"24",0.425526483663927,0.574473516336073
"25",0.220636729390116,0.779363270609884
"28",0.170232038114748,0.829767961885252
"29",0.00481948353146211,0.995180516468538
"32",0.987313159371612,0.0126868406283875
"36",0.00601856562636527,0.993981434373635
"40",0.971515029585683,0.0284849704143172
"41",0.884915160916888,0.115084839083112
"46",0.354389177103454,0.645610822896546
"49",0.00613503486164546,0.993864965138355
"53",0.0545516832584779,0.945448316741522
"57",0.00404856809910403,0.995951431900896
"63",0.00223824035720177,0.997761759642798
"64",0.998056408317007,0.00194359168299326
"66",0.00222927202377066,0.997770727976229
"67",0.680970191964167,0.319029808035833
"80",0.0322481965800898,0.96775180341991
"88",0.991943265323546,0.00805673467645357
"94",0.463470060160354,0.536529939839646
"108",0.686749558243367,0.313250441756633
"112",0.450727622663562,0.549272377336438
"114",0.948121946245596,0.0518780537544038
"116",0.00146412635174342,0.998535873648257
"119",0.659306971991801,0.340693028008199
"124",0.679112427855573,0.320887572144427
"125",0.0749413446913232,0.925058655308677
"127",0.31890832311931,0.68109167688069
"139",0.0010206842520597,0.99897931574794
"144",0.0287873381278606,0.971212661872139
"151",0.844347444139049,0.155652555860951
"154",0.0100140333092842,0.989985966690716
"155",0.462764748617546,0.537235251382454
"156",0.176389639762625,0.823610360237375
"158",0.284288290112339,0.715711709887661
"170",0.496754367508218,0.503245632491782
"171",0.546452904334836,0.453547095665164
"174",0.222930562534504,0.777069437465496
"178",0.947758718888773,0.0522412811112271
"181",0.998064954676667,0.00193504532333306
"182",0.999082463142782,0.000917536857218448
"183",0.0328678941647541,0.967132105835246
"184",0.737402256885867,0.262597743114133
"187",0.426184300837605,0.573815699162395
"200",0.00419414191063183,0.995805858089368
"202",0.901862771459736,0.0981372285402638
"205",0.235054800542882,0.764945199457118
"206",0.987721555142371,0.0122784448576287
"208",0.320614285200427,0.679385714799573
"209",0.819838331333225,0.180161668666775
"213",0.00573913651631786,0.994260863483682
"218",0.00267313257508373,0.997326867424916
"221",0.0970573965383742,0.902942603461626
"224",0.0833780623951353,0.916621937604865
"229",0.929493879763324,0.0705061202366763
"233",0.247153695351945,0.752846304648055
"236",0.980632543955908,0.0193674560440922
"246",0.106293851780256,0.893706148219744
"255",0.0171297332021986,0.982870266797801
"258",0.896789291897263,0.103210708102737
"270",0.038929703366782,0.961070296633218
"273",0.377207525251252,0.622792474748748
"274",0.816866161851012,0.183133838148988
"275",0.139050947100692,0.860949052899308
"277",0.59948588475201,0.40051411524799
"281",0.077017429599114,0.922982570400886
"284",0.860045935764782,0.139954064235218
"285",0.164515913016455,0.835484086983545
"287",0.0562416789351458,0.943758321064854
"289",0.125125262060781,0.874874737939219
"290",0.336869289371352,0.663130710628648
"291",0.954699641946203,0.0453003580537973
"293",0.11141871969119,0.88858128030881
"295",0.0858901022654203,0.91410989773458
"298",0.17883230081392,0.82116769918608
"299",0.70803605431489,0.29196394568511
"300",0.0647786018360004,0.935221398164
"301",0.00210903571562993,0.99789096428437
"302",0.000684490859737652,0.999315509140262
"303",0.0170763609318849,0.982923639068115
"305",0.794135127214628,0.205864872785373
"310",0.00277877603063359,0.997221223969366
"313",0.947251271468602,0.0527487285313978
"316",0.4241719153773,0.5758280846227
"321",0.997663356176105,0.002336643823895
"329",0.891070194734194,0.108929805265806
"335",0.518004983653722,0.481995016346278
"338",0.000309417449850025,0.99969058255015
"339",0.973563486062139,0.0264365139378608
"340",0.998716352225468,0.0012836477745318
"342",0.963025207470019,0.0369747925299811
"344",0.999098678179655,0.000901321820344505
"345",0.786475508594081,0.213524491405919
"346",0.9983567286153,0.00164327138469952
"353",0.691687946963276,0.308312053036724
"354",0.0014990115959439,0.998500988404056
"355",0.9189017013047,0.0810982986953005
"367",0.829134641896076,0.170865358103924
"368",0.439379910071546,0.560620089928454
"372",0.0130281914355335,0.986971808564467
"379",0.0312772680826482,0.968722731917352
"380",0.18951464543402,0.81048535456598
"381",0.0362362238690346,0.963763776130965
"382",0.0538849436176262,0.946115056382374
"384",0.148642024364535,0.851357975635465
"388",0.545468728518737,0.454531271481263
"389",0.0183776614480988,0.981622338551901
"400",0.287553517564631,0.712446482435369
"401",0.885769240249935,0.114230759750065
"404",0.695653556450953,0.304346443549047
"414",0.013994144383309,0.986005855616691
"416",0.207673007557751,0.792326992442249
"420",0.0392388769631242,0.960761123036876
"421",0.00715944936607971,0.99284055063392
"422",0.122056879226344,0.877943120773656
"423",0.783128099287606,0.216871900712394
"425",0.0103687810787633,0.989631218921237
"428",0.3743953456128,0.6256046543872
"434",0.017776278675772,0.982223721324228
"436",0.998347845550027,0.00165215444997316
"439",0.338851052864732,0.661148947135268
"445",0.522265578924792,0.477734421075208
"446",0.00768729916927913,0.992312700830721
"452",0.999524926199922,0.000475073800077659
"458",0.0334763509301798,0.96652364906982
"466",0.00824183121013999,0.99175816878986
"469",0.662248643438187,0.337751356561813
"475",0.999306781820958,0.000693218179041688
"476",0.118166061581333,0.881833938418667
"479",0.939235933738678,0.0607640662613216
"484",0.972628479061257,0.0273715209387425
"488",0.0076699007701434,0.992330099229857
"489",0.0506746432295779,0.949325356770422
"491",0.832141237557942,0.167858762442058
"492",0.375431285942297,0.624568714057703
"495",0.000949914370103389,0.999050085629897
"496",0.292112800325536,0.707887199674464
"498",0.682242972247148,0.317757027752852
"502",0.984391385699028,0.015608614300972
"505",0.261698533396329,0.738301466603671
"506",0.987390381410944,0.0126096185890561
"507",0.990839777617666,0.00916022238233403
"511",0.992510295556323,0.00748970444367737
"515",0.0931357826635549,0.906864217336445
"519",0.897695603399496,0.102304396600504
"524",0.714813059672149,0.285186940327851
"525",0.244209959098079,0.755790040901921
"526",0.0405677497252689,0.959432250274731
"544",0.758026680936242,0.241973319063758
"545",0.0329321560665007,0.967067843933499
"547",0.12155056267368,0.87844943732632
"551",0.161507712748768,0.838492287251232
"552",0.55035331355376,0.44964668644624
"559",0.222500253073248,0.777499746926752
"561",0.0609416326294833,0.939058367370517
"562",0.121244214994175,0.878755785005825
"564",0.177505689358342,0.822494310641658
"565",0.939257259267127,0.0607427407328731
"567",0.00225152091220482,0.997748479087795
"569",0.386764469141321,0.613235530858679
"570",0.154965686932264,0.845034313067736
"573",0.614528354348542,0.385471645651457
"580",0.0128075617195805,0.987192438280419
"586",0.984185719165986,0.015814280834014
"587",0.0823191207915278,0.917680879208472
"588",0.955042699723526,0.0449573002764739
"590",0.00357671577539087,0.996423284224609
"592",0.0174652055737927,0.982534794426207
"596",0.22934453848867,0.77065546151133
"598",0.315031640821407,0.684968359178593
"600",0.000218298713347997,0.999781701286652
"601",0.314266891640106,0.685733108359894
"607",0.010000557066125,0.989999442933875
"610",0.154801052068507,0.845198947931493
"616",0.00909035292318405,0.990909647076816
"620",0.00279687547874607,0.997203124521254
"623",0.435007784460453,0.564992215539547
"626",0.967953476057316,0.0320465239426841
"627",0.0713398077181544,0.928660192281846
"629",0.124657706167106,0.875342293832894
"637",0.466104669256288,0.533895330743712
"647",0.79021830806224,0.20978169193776
"649",0.328614264111414,0.671385735888586
"651",0.134423608214588,0.865576391785412
"652",0.483868491483795,0.516131508516205
"657",0.881062779644587,0.118937220355413
"658",0.720025802819929,0.279974197180071
"661",0.0476124275118494,0.952387572488151
"663",0.0376868906768073,0.962313109323193
"667",0.00247950818486575,0.997520491815134
"670",0.00772758321468114,0.992272416785319
"671",0.617088255219954,0.382911744780046
"672",0.000671912666600494,0.9993280873334
"674",0.325004754929176,0.674995245070824
"677",0.0587070050571346,0.941292994942865
"678",0.0384828814390545,0.961517118560945
"680",0.59537152404501,0.40462847595499
"684",0.0068398217573441,0.993160178242656
"685",0.242375050076883,0.757624949923117
"686",0.118294595493469,0.881705404506531
"687",0.0352736627978524,0.964726337202148
"690",0.99178939575189,0.00821060424811019
"692",0.260400263652294,0.739599736347706
"693",0.34006756776969,0.65993243223031
"696",0.865319607442765,0.134680392557235
"697",0.112425147690986,0.887574852309014
"700",0.0228008656768418,0.977199134323158
"701",0.657546414187335,0.342453585812665
"703",0.0824104700952425,0.917589529904758
"710",0.00172259396954011,0.99827740603046
"712",0.552571977199595,0.447428022800405
"716",0.043694665940943,0.956305334059057
"722",0.0988718270948962,0.901128172905104
"725",0.789260691130916,0.210739308869084
"732",0.963789051876129,0.0362109481238708
"733",0.0418952663350027,0.958104733664997
"736",0.233091738495688,0.766908261504312
"749",0.790119382467895,0.209880617532105
"752",0.401351498764244,0.598648501235756
"753",0.000323531724605197,0.999676468275395
"759",0.782013500902145,0.217986499097855
"764",0.674684830328685,0.325315169671315
"775",0.735393003201284,0.264606996798716
"779",0.249476701383875,0.750523298616125
"781",0.000126157914626668,0.999873842085373
"788",0.344639671919324,0.655360328080676
"792",0.139595362539109,0.860404637460891
"793",0.667268530378523,0.332731469621477
"794",0.829079710057885,0.170920289942115
"798",0.619344040722945,0.380655959277055
"799",0.166737240122375,0.833262759877625
"801",0.0212500122231608,0.978749987776839
"816",0.612615972505032,0.387384027494968
"823",0.103561304829328,0.896438695170672
"827",0.316408523511245,0.683591476488755
"830",0.0454634309881692,0.954536569011831
"831",0.99559334251307,0.00440665748693013
"837",0.989281262715489,0.0107187372845112
"839",0.00352930806851204,0.996470691931488
"844",0.738091752474012,0.261908247525988
"848",0.560673090279561,0.439326909720439
"849",0.942024572732533,0.0579754272674674
"853",0.0680514515416107,0.931948548458389
"856",0.0161288783129772,0.983871121687023
"857",0.0175181030018816,0.982481896998118
"858",0.999047750904104,0.000952249095896125
"867",0.913277889194993,0.0867221108050075
"869",0.000228395096608103,0.999771604903392
"871",0.00473903905183326,0.995260960948167
"872",0.997646537503654,0.00235346249634605
"873",0.101230972731659,0.898769027268341
"874",0.980301420956867,0.0196985790431329
"878",0.373601890475621,0.626398109524379
"892",0.00671722784262729,0.993282772157373
"894",0.00183606136390757,0.998163938636092
"896",0.945808398160197,0.054191601839803
"898",0.0219852320671433,0.978014767932857
"902",0.034625572422965,0.965374427577035
"905",0.990600769718927,0.00939923028107332
"908",0.000476985229994953,0.999523014770005
"914",0.258008711448558,0.741991288551442
"915",0.319107435578556,0.680892564421444
"917",0.00406272656046081,0.995937273439539
"922",0.981015089225939,0.0189849107740611
"934",0.0193311635036826,0.980668836496317
"939",0.998108749551829,0.00189125044817086
"949",0.710210405670334,0.289789594329666
"953",0.556832537908688,0.443167462091312
"960",0.159930002146987,0.840069997853013
"965",0.686507276730856,0.313492723269144
"979",0.0278329754105469,0.972167024589453
"981",0.943743870772152,0.0562561292278476
"989",0.0518606729746672,0.948139327025333
"994",0.138154378511874,0.861845621488126
"998",0.439276544656285,0.560723455343715
"1003",0.849730869005811,0.15026913099419
"1006",0.927572484919824,0.0724275150801757
"1008",0.0436739989874619,0.956326001012538
"1009",0.578274600646469,0.421725399353531
"1012",0.000477599438317489,0.999522400561683
"1016",0.997032273145963,0.00296772685403691
"1017",0.96539399652104,0.0346060034789601
"1023",0.844682375273214,0.155317624726786
"1028",0.0516632361991617,0.948336763800838
"1031",0.220291222499798,0.779708777500202
"1034",0.979925732462152,0.0200742675378479
"1035",0.225334168851569,0.774665831148431
"1038",0.00635427882453432,0.993645721175466
"1039",0.731284736974419,0.268715263025581
"1041",0.330817030521187,0.669182969478813
"1044",0.0273955729854932,0.972604427014507
"1047",0.0295638653892718,0.970436134610728
"1048",0.0244805067475008,0.975519493252499
"1049",0.494884340854587,0.505115659145413
"1050",0.00934469021758633,0.990655309782414
"1051",0.762854378595076,0.237145621404924
"1054",0.981397605192759,0.0186023948072407
"1058",0.00151614951531698,0.998483850484683
"1061",0.0327296231370013,0.967270376862999
"1065",0.00726538524891163,0.992734614751088
"1066",0.00141329005709534,0.998586709942905
"1072",0.248048992540682,0.751951007459318
"1077",0.239186020087726,0.760813979912274
"1080",0.991253205836449,0.00874679416355069
"1081",0.380373036790583,0.619626963209417
"1085",0.329245106331299,0.670754893668701
"1086",0.390414572355869,0.609585427644131
"1098",0.00114495718141572,0.998855042818584
"1099",0.280745831190079,0.719254168809921
"1100",0.000392121953205926,0.999607878046794
"1104",0.0592227999427176,0.940777200057282
"1106",0.774062792162282,0.225937207837718
"1107",0.00231455579604978,0.99768544420395
"1109",0.426214703949688,0.573785296050312
"1116",0.117682447947685,0.882317552052315
"1127",0.123177720033392,0.876822279966608
"1128",0.9755514860071,0.0244485139928997
"1129",0.138675032283384,0.861324967716616
"1130",0.935198960306834,0.0648010396931656
"1131",0.920661119926633,0.0793388800733665
"1134",0.917435372169976,0.0825646278300237
"1147",0.132064974177308,0.867935025822692
"1148",0.323223514073785,0.676776485926215
"1152",0.180288720762612,0.819711279237388
"1154",0.194282673414057,0.805717326585943
"1156",0.0673568114996103,0.93264318850039
"1166",0.0142027818039485,0.985797218196051
"1174",0.160424586964323,0.839575413035677
"1177",0.097476628123605,0.902523371876395
"1178",0.998708135685394,0.00129186431460577
"1180",0.70853334191817,0.29146665808183
"1181",0.556296340514816,0.443703659485184
"1182",0.866924457795895,0.133075542204105
"1189",0.00120579574987711,0.998794204250123
"1193",0.0832861409072503,0.91671385909275
"1194",0.0026651767046747,0.997334823295325
"1199",0.236002911347537,0.763997088652463
"1203",0.0259047572390598,0.97409524276094
"1205",0.961919100420383,0.0380808995796174
"1209",0.131662298348611,0.868337701651389
"1212",0.00551829733967457,0.994481702660325
"1214",0.911275987890947,0.0887240121090531
"1216",0.835231787777925,0.164768212222075
"1220",0.00203655284964332,0.997963447150357
"1224",0.0853766367591898,0.91462336324081
"1229",0.989050531279408,0.0109494687205915
"1238",0.000972576723444529,0.999027423276555
"1240",0.0250470217430608,0.974952978256939
"1242",0.496798486937222,0.503201513062778
"1243",0.959877140700756,0.0401228592992436
"1248",0.412412671964823,0.587587328035177
"1256",0.00688509355309386,0.993114906446906
"1260",0.707004464001382,0.292995535998618
"1261",0.678426805645495,0.321573194354505
"1266",0.173217211875406,0.826782788124594
"1270",0.00239424155538748,0.997605758444613
"1273",0.00130220178106655,0.998697798218933
"1276",0.195004593100302,0.804995406899698
"1277",0.178908405435503,0.821091594564497
"1282",0.0890177267255922,0.910982273274408
"1283",0.198578849436144,0.801421150563856
"1286",0.411837365437414,0.588162634562586
"1287",0.65957321772529,0.34042678227471
"1291",0.0441437238052469,0.955856276194753
"1293",0.331874748314627,0.668125251685373
"1294",0.908153687839729,0.091846312160271
"1298",0.00845653089917553,0.991543469100824
"1299",0.997681671556227,0.00231832844377341
"1302",0.999431911057275,0.000568088942725035
"1304",0.0463017412704765,0.953698258729524
"1306",0.362941765735436,0.637058234264564
"1311",0.130138187490263,0.869861812509737
"1312",0.134504603940882,0.865495396059118
"1314",0.993474537405551,0.00652546259444867
"1316",0.451721167075678,0.548278832924322
"1325",0.958433720607899,0.0415662793921007
"1328",0.283427997093839,0.716572002906161
"1329",0.976839710314486,0.0231602896855137
"1330",0.371883460371726,0.628116539628274
"1331",0.0060609115283059,0.993939088471694
"1333",0.311304765609232,0.688695234390768
"1335",0.316580804527534,0.683419195472466
"1338",0.503911706993005,0.496088293006995
"1341",0.999836566831485,0.000163433168515163
"1344",0.0565110873618119,0.943488912638188
"1346",0.0149958431412649,0.985004156858735
"1347",0.423501257864723,0.576498742135277
"1348",0.157197477647409,0.842802522352591
"1355",0.978651768543488,0.021348231456512
"1358",0.017295512874318,0.982704487125682
"1359",0.753788442581264,0.246211557418737
"1363",0.0127261373438597,0.98727386265614
"1368",0.995059327469567,0.00494067253043342
"1369",0.155823294891975,0.844176705108025
"1371",0.0595613870191275,0.940438612980873
"1373",0.695574906756019,0.304425093243981
"1376",0.211312921669124,0.788687078330876
"1380",0.0270348426253865,0.972965157374614
"1381",0.0140477956253801,0.98595220437462
"1383",0.183009923283536,0.816990076716464
"1385",0.988593441387378,0.0114065586126223
"1386",0.516838146991031,0.483161853008969
"1394",0.579398115198241,0.420601884801759
"1397",0.600545034665033,0.399454965334967
"1402",0.65224139109728,0.34775860890272
"1414",0.788078835933539,0.211921164066461
"1415",0.968338865202478,0.0316611347975223
"1416",0.8193417771947,0.1806582228053
"1419",0.0230356686838935,0.976964331316106
"1425",0.629174886008564,0.370825113991436
"1426",0.811219599761143,0.188780400238857
"1429",0.728120990184407,0.271879009815593
"1432",0.679801844035856,0.320198155964144
"1438",0.974510016630585,0.0254899833694152
"1439",0.759067130458582,0.240932869541418
"1440",0.255760952313611,0.744239047686389
"1445",0.00388045564201578,0.996119544357984
"1448",0.960219601429488,0.0397803985705115
"1452",0.531252529021359,0.468747470978641
"1456",0.00328654562067121,0.996713454379329
"1458",0.579011767504928,0.420988232495072
"1464",0.340986729017924,0.659013270982076
"1465",0.0140103670590594,0.985989632940941
"1472",0.167196608831872,0.832803391168128
"1493",0.317494247213335,0.682505752786665
"1494",0.00337968300335856,0.996620316996641
"1496",0.580372505679846,0.419627494320154
"1497",0.525521471886727,0.474478528113273
"1499",0.0022000512342274,0.997799948765773
"1500",0.995450281378313,0.00454971862168656
"1501",0.900828744647464,0.0991712553525362
"1507",0.00116362956517535,0.998836370434825
"1509",0.945184242528289,0.0548157574717112
"1510",0.512316648021619,0.487683351978381
"1512",0.115553413928326,0.884446586071674
"1513",0.0199208292908007,0.980079170709199
"1517",0.133704586867916,0.866295413132084
"1521",0.347737444021771,0.652262555978229
"1523",0.0382565303707624,0.961743469629238
"1529",0.0199873353312354,0.980012664668765
"1530",0.0407689263116086,0.959231073688391
"1533",0.000149683453444904,0.999850316546555
"1534",0.557322606652604,0.442677393347396
"1537",0.94193522180627,0.0580647781937298
"1545",0.0453051405671284,0.954694859432872
"1550",0.981626557270065,0.0183734427299347
"1553",0.674433724795811,0.325566275204189
"1554",0.0480197145689436,0.951980285431056
"1561",0.0537752965588288,0.946224703441171
"1562",0.973942895888977,0.0260571041110235
"1564",0.0120675920209504,0.98793240797905
"1567",0.527281905813675,0.472718094186325
"1568",0.0370998462385984,0.962900153761402
"1569",0.35250258674323,0.64749741325677
"1572",0.000602667778938692,0.999397332221061
"1573",0.99682084272138,0.00317915727862039
"1576",0.383528012373353,0.616471987626647
"1578",0.0037829328396477,0.996217067160352
"1581",0.0884402655344499,0.91155973446555
"1587",0.418232012764983,0.581767987235017
"1591",0.291648639847555,0.708351360152445
"1592",0.000210282784235627,0.999789717215764
"1594",0.725782926468069,0.274217073531931
"1596",0.597573936312988,0.402426063687012
"1599",0.300265574714529,0.699734425285471
"1601",0.690174271413634,0.309825728586366
"1602",0.032115410961187,0.967884589038813
"1604",0.37096789749075,0.62903210250925
"1617",0.96931892217775,0.0306810778222497
"1622",0.379468039004512,0.620531960995488
"1626",0.804800303018465,0.195199696981535
"1627",0.186932478658276,0.813067521341724
"1628",0.233913733248492,0.766086266751508
"1637",0.199011971458355,0.800988028541645
"1639",0.120120133046941,0.879879866953059
"1640",0.996115458538042,0.00388454146195785
"1642",0.000545865172090654,0.999454134827909
"1644",0.102159185151053,0.897840814848947
"1647",0.883729714301809,0.116270285698191
"1650",0.452074563949608,0.547925436050392
"1654",0.355607384889019,0.644392615110981
"1656",0.133947218469266,0.866052781530734
"1659",0.657415823041246,0.342584176958754
"1668",0.00349632402401778,0.996503675975982
"1671",0.280322499318555,0.719677500681445
"1682",0.00845745526714059,0.991542544732859
"1683",0.718394976972585,0.281605023027414
"1685",0.0123869760497185,0.987613023950281
"1689",0.000619465817983555,0.999380534182016
"1694",0.868911875002704,0.131088124997296
"1697",0.0317697206533507,0.968230279346649
"1698",0.0415632100751374,0.958436789924863
"1700",0.298317567744399,0.701682432255601
"1701",0.911285794118768,0.0887142058812315
"1702",0.0656146960483581,0.934385303951642
"1706",0.214499719267387,0.785500280732613
"1716",0.518527393258057,0.481472606741943
"1718",0.000420923724253508,0.999579076275746
"1719",0.00128879983050767,0.998711200169492
"1723",0.336237222491249,0.663762777508751
"1725",0.986086736502031,0.0139132634979693
"1726",0.0943633593471713,0.905636640652829
"1728",0.0543062463910741,0.945693753608926
"1730",0.999305231842608,0.000694768157392002
"1731",0.124833906693723,0.875166093306277
"1736",0.00835224504277809,0.991647754957222
"1737",0.16249446943857,0.83750553056143
"1738",0.0138624780941987,0.986137521905801
"1743",0.100782526670127,0.899217473329873
"1744",0.218769653857232,0.781230346142768
"1746",0.226089502384234,0.773910497615766
"1747",0.0677727566245356,0.932227243375464
"1751",0.088378512582976,0.911621487417024
"1755",0.000969138593960528,0.999030861406039
"1759",0.0900477193132361,0.909952280686764
"1763",0.139441015907848,0.860558984092152
"1765",0.00150040833434739,0.998499591665653
"1767",0.806599094833747,0.193400905166253
"1774",0.0119631245292152,0.988036875470785
"1777",0.173772738037138,0.826227261962862
"1779",0.0217364226776144,0.978263577322386
"1780",0.149323953323457,0.850676046676543
"1784",0.00996573882479124,0.990034261175209
"1785",0.00619002793283541,0.993809972067165
"1787",0.00438032768226182,0.995619672317738
"1789",0.451534461327147,0.548465538672853
"1797",0.764852995860581,0.235147004139419
"1804",0.000274437560039642,0.99972556243996
"1807",0.514005585681219,0.485994414318781
"1816",0.60680859002155,0.39319140997845
"1820",3.00953543069804e-05,0.999969904645693
"1822",0.00337274972889601,0.996627250271104
"1823",0.460014166923059,0.539985833076941
"1824",0.116912092390688,0.883087907609312
"1826",0.958556024962364,0.0414439750376358
"1828",0.0515309769718806,0.948469023028119
"1830",0.12803795685745,0.87196204314255
"1831",0.0870265681864903,0.91297343181351
"1832",0.200731782487379,0.799268217512621
"1834",0.119024680899045,0.880975319100955
"1835",0.900069180086735,0.0999308199132648
"1836",0.0123939024035465,0.987606097596453
"1839",0.112135647289518,0.887864352710482
"1847",0.979966588921028,0.0200334110789716
"1848",0.00205602335986255,0.997943976640137
"1858",0.440012074909523,0.559987925090477
"1859",0.198563628368978,0.801436371631022
"1868",0.00740730037926274,0.992592699620737
"1872",0.0595666290173098,0.94043337098269
"1875",0.127121692818844,0.872878307181156
"1877",0.0918184207925234,0.908181579207477
"1887",0.141515607289499,0.858484392710501
"1891",0.0694763141145037,0.930523685885496
"1895",0.020366339893762,0.979633660106238
"1898",0.0192406526342151,0.980759347365785
"1901",0.093521166752045,0.906478833247955
"1902",0.0107285743242459,0.989271425675754
"1904",0.00684557413997344,0.993154425860027
"1905",0.186281841465911,0.813718158534089
"1911",0.0299051941659649,0.970094805834035
"1913",0.0967600381578801,0.90323996184212
"1914",0.0188919232159777,0.981108076784022
"1918",0.0518215989116141,0.948178401088386
"1921",0.831187120514418,0.168812879485582
"1922",0.0192115411607474,0.980788458839253
"1926",0.0111762752388478,0.988823724761152
"1936",0.00462622304778126,0.995373776952219
"1939",0.00565838909226413,0.994341610907736
"1940",0.0257702559784466,0.974229744021553
"1942",0.572681464611558,0.427318535388442
"1947",0.0030040881663207,0.996995911833679
"1953",0.00150264956891666,0.998497350431083
"1954",0.188313354508647,0.811686645491353
"1958",0.00776897214786909,0.992231027852131
"1973",0.0257923087948653,0.974207691205135
"1979",0.00607840240460022,0.9939215975954
"1983",0.0330177187906902,0.96698228120931
"1984",0.00331160701056721,0.996688392989433
"1986",0.666319858314896,0.333680141685104
"1987",0.0784669022572038,0.921533097742796
"1989",0.181098714763458,0.818901285236542
"1991",0.00519531388724825,0.994804686112752
"1995",0.00763439044462944,0.992365609555371
"1996",0.00769594728016321,0.992304052719837
"1997",0.00864337749625821,0.991356622503742
"2002",0.0215302318836801,0.97846976811632
"2006",0.00934785843319808,0.990652141566802
"2007",0.00283630505969579,0.997163694940304
"2012",0.00218148845188904,0.997818511548111
"2015",0.150733003206821,0.849266996793179
"2018",0.0854156903537482,0.914584309646252
"2022",3.58952873088514e-05,0.999964104712691
"2029",0.0471551081428808,0.952844891857119
"2039",0.15823216636881,0.84176783363119
"2040",0.000222727086428232,0.999777272913572
"2043",0.825359537404027,0.174640462595973
"2047",0.0017208829527614,0.998279117047239
"2049",0.843866539166345,0.156133460833655
"2054",0.0106637208017344,0.989336279198266
"2055",0.287784059052272,0.712215940947728
"2056",0.0397754012775158,0.960224598722484
"2057",0.111515342180222,0.888484657819778
"2058",0.109380170475225,0.890619829524775
"2059",0.0206207874588686,0.979379212541131
"2063",2.45869312555103e-05,0.999975413068744
"2064",0.918744872506513,0.081255127493487
"2071",0.923064934673851,0.076935065326149
"2073",0.00401495415183462,0.995985045848165
"2076",0.0383706729231507,0.961629327076849
"2081",0.0518499516947478,0.948150048305252
"2083",0.116253406403154,0.883746593596846
"2085",0.998093368225846,0.00190663177415382
"2086",0.013067064673946,0.986932935326054
"2087",0.0158558882389498,0.98414411176105
"2093",0.837418973201803,0.162581026798197
"2094",0.113300630307957,0.886699369692043
"2099",0.0547595464665801,0.94524045353342
"2103",0.654431228478465,0.345568771521535
"2106",0.383423568012306,0.616576431987694
"2107",0.209233931937957,0.790766068062043
"2109",0.0043291124452407,0.995670887554759
"2110",0.978704472881534,0.0212955271184661
"2112",0.00802890428464498,0.991971095715355
"2116",0.630053105594333,0.369946894405667
"2119",0.000130829731166737,0.999869170268833
"2121",0.00445083209262576,0.995549167907374
"2122",0.583650423293182,0.416349576706818
"2123",0.587410465286492,0.412589534713508
"2130",0.00383146276331225,0.996168537236688
"2131",0.989050348427759,0.0109496515722407
"2136",0.122076588287359,0.877923411712641
"2137",0.000778810428563537,0.999221189571436
"2138",0.028754189938852,0.971245810061148
"2140",0.00123651314337658,0.998763486856623
"2143",0.97465167899438,0.0253483210056197
"2145",0.82570182313901,0.17429817686099
"2151",0.0192470181636807,0.980752981836319
"2160",0.00239447426783224,0.997605525732168
"2161",0.983090034719629,0.016909965280371
"2165",0.0315261727337731,0.968473827266227
"2166",0.0119924617609244,0.988007538239076
"2170",0.0792918031871297,0.92070819681287
"2171",1.19207077964312e-06,0.99999880792922
"2173",0.639751711797915,0.360248288202085
"2177",0.0404985797910308,0.959501420208969
"2183",0.856328463398414,0.143671536601586
"2197",0.00326314869361088,0.996736851306389
"2200",0.190403568947452,0.809596431052548
"2208",0.231857098990233,0.768142901009767
"2213",0.195081740773355,0.804918259226645
"2214",0.360989771819217,0.639010228180783
"2224",0.149578137479914,0.850421862520086
"2227",0.0893515044034408,0.910648495596559
"2234",0.0420776499550466,0.957922350044953
"2235",0.769333415733217,0.230666584266783
"2239",0.264523907422154,0.735476092577846
"2241",0.0123553673821102,0.98764463261789
"2242",0.0466377676494216,0.953362232350578
"2243",0.0105351378117512,0.989464862188249
"2244",0.943130600657968,0.0568693993420323
"2246",0.0013068306333599,0.99869316936664
"2247",0.0110771462166377,0.988922853783362
"2249",0.475649366344805,0.524350633655195
"2250",0.751381843748659,0.248618156251341
"2251",0.00266269898384541,0.997337301016155
"2252",0.0131714884007869,0.986828511599213
"2255",0.0201214676766759,0.979878532323324
"2257",0.0198006044112307,0.980199395588769
"2259",0.165058313790341,0.834941686209659
"2261",0.367783854099253,0.632216145900747
"2267",0.958013456421923,0.0419865435780773
"2268",0.973733887813822,0.0262661121861776
"2273",0.84354064447923,0.15645935552077
"2276",0.000580646274919272,0.999419353725081
"2279",0.205098879240689,0.794901120759311
"2284",0.000374705208123327,0.999625294791877
"2285",0.0677669680095038,0.932233031990496
"2290",0.0132550831409665,0.986744916859034
"2291",0.00697389132623072,0.993026108673769
"2296",0.598350522723547,0.401649477276453
"2298",0.00290755430385059,0.997092445696149
"2301",0.00811212492313074,0.991887875076869
"2302",0.00500769534491452,0.994992304655085
"2304",0.351226225916341,0.648773774083659
"2305",0.0903042098659594,0.909695790134041
"2306",0.410388252425488,0.589611747574512
"2311",0.811445417674474,0.188554582325526
"2314",0.0055242624880204,0.99447573751198
"2317",0.451905149400765,0.548094850599235
"2319",0.962848233925179,0.0371517660748207
"2328",0.913897354743213,0.0861026452567872
"2331",0.10614195682405,0.89385804317595
"2336",0.0285336366667381,0.971466363333262
"2340",0.589064225256144,0.410935774743856
"2341",0.00229375813489185,0.997706241865108
"2347",0.0495186643192634,0.950481335680737
"2348",0.0181995365735803,0.98180046342642
"2353",0.0572675001436085,0.942732499856392
"2358",0.865714456877774,0.134285543122226
"2360",0.701223900012165,0.298776099987835
"2361",0.125512569407915,0.874487430592085
"2375",0.00699708899917983,0.99300291100082
"2376",0.000141499372103282,0.999858500627897
"2380",0.0235827817750822,0.976417218224918
"2381",0.0395628233475473,0.960437176652453
"2382",0.000111917902000602,0.999888082097999
"2383",0.737405580139713,0.262594419860287
"2385",0.136923824365407,0.863076175634593
"2386",0.976288219832112,0.0237117801678879
"2388",0.0365334705614396,0.96346652943856
"2390",0.970198403745197,0.0298015962548028
"2396",0.0107646588977327,0.989235341102267
"2397",0.614684923467692,0.385315076532308
"2398",0.760640826726306,0.239359173273694
"2403",0.125534012413171,0.874465987586829
"2411",0.980839803839234,0.0191601961607657
"2420",0.111937787422715,0.888062212577285
"2422",0.00191048263649274,0.998089517363507
"2433",0.410426995245226,0.589573004754774
"2434",0.00529632294229021,0.99470367705771
"2435",4.50573452309699e-05,0.999954942654769
"2438",0.021377341643141,0.978622658356859
"2439",0.141644591845878,0.858355408154122
"2440",0.669079227002609,0.330920772997391
"2441",0.999252629237227,0.00074737076277329
"2444",0.0044391206483263,0.995560879351674
"2446",0.0408251371496104,0.95917486285039
"2447",0.00585252830824123,0.994147471691759
"2449",0.86954338502343,0.13045661497657
"2452",0.151272711018754,0.848727288981246
"2456",0.993967193566503,0.00603280643349654
"2459",0.602544162194865,0.397455837805135
"2462",0.00527913589219953,0.9947208641078
"2464",0.99732173392207,0.0026782660779302
"2466",0.0239692124767463,0.976030787523254
"2468",0.47458538526676,0.52541461473324
"2471",0.00821958637279385,0.991780413627206
"2480",0.000330432005708925,0.999669567994291
"2485",0.105638630001735,0.894361369998265
"2487",0.0423646660407221,0.957635333959278
"2488",0.995103974433948,0.00489602556605189
"2491",0.00442204216026287,0.995577957839737
"2492",0.0101050292680118,0.989894970731988
"2493",0.0716116203750277,0.928388379624972
"2494",0.728109499400085,0.271890500599915
"2499",0.00492859557796133,0.995071404422039
"2500",0.984354511724602,0.0156454882753981
"2502",0.00112556301689104,0.998874436983109
"2511",0.903095462032877,0.0969045379671225
"2515",0.00106329899846824,0.998936701001532
"2516",0.96705747270877,0.0329425272912301
"2529",0.156975762671749,0.843024237328251
"2530",0.0763615333601142,0.923638466639886
"2535",0.357184665683154,0.642815334316846
"2539",0.0230306751416472,0.976969324858353
"2542",0.000112709325298055,0.999887290674702
"2558",0.017011816442056,0.982988183557944
"2562",0.105804335602406,0.894195664397594
"2564",0.811097185022934,0.188902814977066
"2566",0.0110098542983432,0.988990145701657
"2567",0.80036967627103,0.19963032372897
"2572",0.0107831141115943,0.989216885888406
"2581",0.962968818896852,0.0370311811031483
"2583",0.090728245570001,0.909271754429999
"2584",0.812716866051765,0.187283133948235
"2585",0.0220075531151923,0.977992446884808
"2589",0.341559971990775,0.658440028009225
"2596",0.0240051005039126,0.975994899496087
"2600",0.0702183605806804,0.92978163941932
"2605",0.854195675922226,0.145804324077774
"2608",0.5165025587327,0.4834974412673
"2611",0.994074358930793,0.00592564106920677
"2613",0.000333664786060117,0.99966633521394
"2615",0.302847787633475,0.697152212366525
"2620",1.91933363044017e-05,0.999980806663696
"2621",0.359883487796698,0.640116512203302
"2626",0.0175184879125577,0.982481512087442
"2630",0.991517979610523,0.00848202038947681
"2632",0.500651885052681,0.499348114947319
"2639",0.205359680864736,0.794640319135264
"2643",0.0921031434174594,0.907896856582541
"2647",0.0257893018048629,0.974210698195137
"2648",0.0540013741732956,0.945998625826704
"2657",0.00114015519829258,0.998859844801707
"2659",0.0181568512149416,0.981843148785058
"2661",0.981407472346321,0.0185925276536791
"2662",0.992918074009069,0.00708192599093075
"2665",0.138762113440995,0.861237886559005
"2668",0.00933869393866449,0.990661306061336
"2670",4.45123669594594e-05,0.999955487633041
"2674",0.608806493474456,0.391193506525544
"2681",0.115985676676703,0.884014323323297
"2682",0.0201666566877161,0.979833343312284
"2683",0.0071741530659053,0.992825846934095
"2685",0.244821610916346,0.755178389083654
"2687",0.0103254776586891,0.989674522341311
"2688",0.0446149504908335,0.955385049509166
"2692",0.064677055102924,0.935322944897076
"2694",0.24102939162212,0.75897060837788
"2696",0.0110126519380968,0.988987348061903
"2703",0.0306078774748549,0.969392122525145
"2708",0.159281687128935,0.840718312871065
"2710",0.023683566103935,0.976316433896065
"2719",0.472898993270992,0.527101006729008
"2720",0.949922028764895,0.050077971235105
"2724",0.00175675227877481,0.998243247721225
"2727",0.0412060646110216,0.958793935388978
"2729",0.00808847079712194,0.991911529202878
"2730",1.4634925060375e-05,0.99998536507494
"2741",0.000249284135674488,0.999750715864326
"2744",0.119964451769347,0.880035548230653
"2745",0.0309222433898824,0.969077756610118
"2746",0.008536703023027,0.991463296976973
"2748",0.626715917305896,0.373284082694104
"2753",0.988543502471296,0.0114564975287038
"2758",0.711699197685176,0.288300802314824
"2759",0.404406742877635,0.595593257122365
"2762",6.69643456487901e-05,0.999933035654351
"2764",0.948371440049668,0.0516285599503317
"2765",0.803948971128634,0.196051028871366
"2766",0.00520959705379864,0.994790402946201
"2767",0.0289556050412133,0.971044394958787
"2769",0.0635668644060642,0.936433135593936
"2774",0.00548319603642722,0.994516803963573
"2777",0.00121583366198152,0.998784166338018
"2782",0.00717200142475227,0.992827998575248
"2783",0.0210975505536769,0.978902449446323
"2787",0.00130601367423089,0.998693986325769
"2789",0.132406197636944,0.867593802363056
"2794",0.0591272779729893,0.940872722027011
"2798",0.00221595436027699,0.997784045639723
"2809",0.151414581710039,0.848585418289961
"2814",0.0291840139284784,0.970815986071522
"2822",0.0565294406865415,0.943470559313458
"2826",0.994722376388988,0.00527762361101205
"2828",0.969663038692199,0.0303369613078011
"2829",0.169351436217175,0.830648563782825
"2831",0.461040598248437,0.538959401751563
"2832",0.000198450932197169,0.999801549067803
"2833",0.0128120177752507,0.987187982224749
"2841",0.0312627611789743,0.968737238821026
"2847",0.646609710096755,0.353390289903245
"2849",0.011155566083958,0.988844433916042
"2852",0.0908291660078423,0.909170833992158
"2855",0.0038351519199914,0.996164848080009
"2859",0.00796031205436543,0.992039687945635
"2860",0.00235921692299645,0.997640783077004
"2863",0.00242020356892425,0.997579796431076
"2866",0.859808881322472,0.140191118677528
"2869",0.00421110585433637,0.995788894145664
"2870",0.00117618751302939,0.998823812486971
"2872",0.0102110441268578,0.989788955873142
"2874",0.941856193954921,0.0581438060450792
"2875",0.00298069472177354,0.997019305278226
"2878",0.00586685292748512,0.994133147072515
"2894",0.035281981647066,0.964718018352934
"2895",0.13937100025588,0.86062899974412
"2897",0.00225161448474609,0.997748385515254
"2900",0.0948803098549035,0.905119690145097
"2905",0.101181222404879,0.898818777595121
"2909",0.00647755385746085,0.993522446142539
"2914",0.00137529871047903,0.998624701289521
"2919",0.778951989593113,0.221048010406887
"2921",0.0355546870266951,0.964445312973305
"2929",0.000282443110168118,0.999717556889832
"2935",0.769802084332037,0.230197915667963
"2938",0.013050795368259,0.986949204631741
"2942",0.00339400433852766,0.996605995661472
"2943",0.903789934676618,0.0962100653233818
"2949",0.468979952547464,0.531020047452536
"2951",0.00924380158331328,0.990756198416687
"2952",0.642818277169507,0.357181722830493
"2955",0.0183503916076269,0.981649608392373
"2958",0.668968353826588,0.331031646173412
"2965",0.644896738372164,0.355103261627836
"2966",0.999817112051188,0.000182887948811998
"2967",0.983693391150028,0.016306608849972
"2971",0.00834521649620912,0.991654783503791
"2972",0.00162360167908349,0.998376398320917
"2973",0.929623758702069,0.0703762412979305
"2977",0.00549213246907976,0.99450786753092
"2979",0.844328790661104,0.155671209338896
"2981",0.135563264380462,0.864436735619538
"2986",0.000541797414793765,0.999458202585206
"2988",0.000512383868480737,0.999487616131519
"2991",0.698916025357665,0.301083974642335
"2992",0.0026344822386748,0.997365517761325
"3001",0.00346805713194787,0.996531942868052
"3002",0.47190187446819,0.52809812553181
"3003",0.977150380239589,0.022849619760411
"3005",0.600290513465579,0.399709486534421
"3009",0.0574412264362066,0.942558773563793
"3012",0.131400945996011,0.868599054003989
"3015",0.0634754729965725,0.936524527003427
"3019",0.0179919468565048,0.982008053143495
"3024",0.0445263849989777,0.955473615001022
"3026",0.849338755400606,0.150661244599394
"3032",4.75561018327131e-05,0.999952443898167
"3034",0.0243922208847387,0.975607779115261
"3039",0.0816894353527113,0.918310564647289
"3041",0.0466408874647221,0.953359112535278
"3050",0.974508209889066,0.0254917901109337
"3051",0.995044414474821,0.00495558552517896
"3052",0.99031803480851,0.00968196519148984
"3060",0.990213365579025,0.00978663442097553
"3064",0.0325682586025354,0.967431741397465
"3067",0.502999280825267,0.497000719174733
"3072",0.015895761534732,0.984104238465268
"3077",0.000925237582010907,0.999074762417989
"3078",0.999334646174765,0.000665353825235005
"3081",0.012300143861559,0.987699856138441
"3084",0.985834176543444,0.0141658234565558
"3085",0.355273650841975,0.644726349158025
"3086",0.0426565426453074,0.957343457354693
"3087",0.0207086415485037,0.979291358451496
"3092",0.00113084316053136,0.998869156839469
"3093",0.0224946008134788,0.977505399186521
"3099",0.951329550362063,0.0486704496379373
"3109",0.983509059235699,0.0164909407643009
"3110",0.0139405253127337,0.986059474687266
"3113",0.147266067890623,0.852733932109377
"3118",0.20140712295794,0.79859287704206
"3121",0.197795750929024,0.802204249070976
"3122",0.0168911343238812,0.983108865676119
"3124",0.00713096224208887,0.992869037757911
"3126",0.95344283140171,0.0465571685982898
"3130",0.960375737562375,0.0396242624376252
"3132",0.0019836228183665,0.998016377181633
"3135",0.189461935356286,0.810538064643714
"3136",0.0183796760504815,0.981620323949518
"3137",0.878757512558602,0.121242487441398
"3140",0.00595119177519765,0.994048808224802
"3141",0.058149041137876,0.941850958862124
"3151",0.0106440641768136,0.989355935823186
"3153",0.0265381736217618,0.973461826378238
"3158",0.0102740596110643,0.989725940388936
"3159",0.000167732520302111,0.999832267479698
"3161",0.115993500660745,0.884006499339255
"3163",0.00145474858026506,0.998545251419735
"3169",0.589239525109032,0.410760474890968
"3170",0.132983878650818,0.867016121349182
"3171",0.000664737263807558,0.999335262736192
"3176",0.000126257751919212,0.999873742248081
"3177",0.0361515036951221,0.963848496304878
"3186",0.000351011271251367,0.999648988728749
"3187",0.00281410021863371,0.997185899781366
"3190",0.00399938098743124,0.996000619012569
"3199",0.124649663118544,0.875350336881456
"3205",0.998121317068535,0.00187868293146511
"3206",0.189326962915963,0.810673037084037
"3211",0.0262982159618191,0.973701784038181
"3213",0.00368637157300566,0.996313628426994
"3216",0.971811596500888,0.0281884034991121
"3217",0.0129612956034429,0.987038704396557
"3227",0.70941535649339,0.29058464350661
"3230",0.719496075822543,0.280503924177457
"3231",0.000162974957306106,0.999837025042694
"3232",0.0044080593255782,0.995591940674422
"3233",0.0142225703120645,0.985777429687935
"3236",0.0169464896839983,0.983053510316002
"3241",0.000319671406742272,0.999680328593258
"3251",0.38765689847983,0.61234310152017
"3252",0.010829211441009,0.989170788558991
"3253",0.543001428001324,0.456998571998676
"3255",0.266045888677107,0.733954111322893
"3257",0.0256814634442812,0.974318536555719
"3260",0.0197550840017433,0.980244915998257
"3261",0.0720239481648537,0.927976051835146
"3263",0.0205130801198947,0.979486919880105
"3264",0.122336299245818,0.877663700754182
"3265",0.778511915982788,0.221488084017212
"3279",0.000549385067215913,0.999450614932784
"3280",0.710928645611835,0.289071354388165
"3281",9.50791286156161e-05,0.999904920871384
"3283",0.000856350118093929,0.999143649881906
"3284",0.00354440007806422,0.996455599921936
"3285",0.00311566633849547,0.996884333661505
"3288",0.0525912789545967,0.947408721045403
"3291",0.0449667890698873,0.955033210930113
"3292",0.0122895004859271,0.987710499514073
"3293",0.338153025497992,0.661846974502008
"3294",0.993481298269183,0.00651870173081694
"3300",0.000113583948518126,0.999886416051482
"3302",0.31338321122117,0.68661678877883
"3304",0.097815962085777,0.902184037914223
"3307",0.32766146475566,0.67233853524434
"3310",0.0777188865063236,0.922281113493676
"3315",0.00876268663786373,0.991237313362136
"3316",0.971410657182786,0.028589342817214
"3318",0.0304742343847323,0.969525765615268
"3320",8.10638817099196e-05,0.99991893611829
"3321",0.00479589509186662,0.995204104908133
"3323",0.983785562763273,0.0162144372367265
"3326",0.0554371034789888,0.944562896521011
"3330",0.173258099810355,0.826741900189645
"3332",0.000407216440975966,0.999592783559024
"3335",0.00777346900573606,0.992226530994264
"3336",0.0111116108903018,0.988888389109698
"3344",0.000884225803569505,0.99911577419643
"3350",0.103470547142789,0.896529452857211
"3353",0.00376164175541471,0.996238358244585
"3359",0.00476218056387234,0.995237819436128
"3360",0.905517102790922,0.0944828972090779
"3361",0.00174129228490283,0.998258707715097
"3366",0.924246045290546,0.0757539547094543
"3372",0.000444898070488531,0.999555101929511
"3373",0.00642405429229997,0.9935759457077
"3375",0.00121367851566112,0.998786321484339
"3380",0.958034531590725,0.041965468409275
"3385",0.947731699517467,0.052268300482533
"3389",0.016303832124189,0.983696167875811
"3390",0.555446752006638,0.444553247993362
"3394",0.022871993657017,0.977128006342983
"3396",0.996402688368786,0.00359731163121414
"3400",0.847174186352284,0.152825813647716
"3401",0.375686611029485,0.624313388970515
"3408",0.321106742936016,0.678893257063984
"3409",0.029504450471554,0.970495549528446
"3410",0.102665647810188,0.897334352189812
"3411",0.995564035495643,0.00443596450435664
"3414",0.0249520308834648,0.975047969116535
"3416",0.0185259144780561,0.981474085521944
"3419",0.98467273826586,0.0153272617341403
"3422",0.0134485197964074,0.986551480203593
"3426",0.939393328516682,0.0606066714833185
"3427",0.00186601723797852,0.998133982762021
"3431",0.986407995610369,0.0135920043896315
"3439",0.00086799594905651,0.999132004050943
"3443",0.913601161561745,0.0863988384382549
"3444",0.498774697972096,0.501225302027904
"3452",0.0100760409519364,0.989923959048064
"3453",0.0529301570155788,0.947069842984421
"3456",0.0186815685133151,0.981318431486685
"3457",0.0327705394604366,0.967229460539563
"3461",0.224148078541509,0.775851921458491
"3462",0.0449979907258101,0.95500200927419
"3463",0.021382130436238,0.978617869563762
"3469",0.00253501710333393,0.997464982896666
"3477",0.0496298313828972,0.950370168617103
"3482",0.0695365265618734,0.930463473438127
"3488",0.969434396500587,0.0305656034994127
"3492",0.770511173962768,0.229488826037232
"3493",0.000626635574696666,0.999373364425303
"3497",0.108330626548999,0.891669373451001
"3499",0.00169989284697902,0.998300107153021
"3504",0.00885784177693449,0.991142158223066
"3506",0.220463626961013,0.779536373038987
"3508",0.00468656588073968,0.99531343411926
"3518",0.99935598015807,0.000644019841929825
"3519",0.00281521198479828,0.997184788015202
"3525",0.0483076470720161,0.951692352927984
"3528",7.36292447041098e-05,0.999926370755296
"3534",0.970195702925796,0.0298042970742035
"3538",0.991547720625752,0.00845227937424803
"3544",0.00889181308259046,0.99110818691741
"3545",0.000430446147040797,0.999569553852959
"3547",0.172690948401354,0.827309051598646
"3548",0.591857722647349,0.408142277352651
"3551",0.900589880509151,0.0994101194908489
"3552",0.0891548585608742,0.910845141439126
"3557",0.027968987882856,0.972031012117144
"3560",0.971191245002773,0.0288087549972273
"3561",0.0122691804245065,0.987730819575493
"3562",0.00105877904613982,0.99894122095386
"3563",0.00531505256663301,0.994684947433367
"3564",0.00354079909126892,0.996459200908731
"3567",0.0907433081285778,0.909256691871422
"3571",0.0169563011865106,0.983043698813489
"3575",0.913081750193154,0.0869182498068457
"3582",0.998680015359293,0.00131998464070663
"3583",0.211282650281393,0.788717349718607
"3590",0.956060105239952,0.0439398947600477
"3591",0.00787367575944975,0.99212632424055
"3592",0.0113981644742689,0.988601835525731
"3595",0.00463090706890157,0.995369092931098
"3604",0.223652924412202,0.776347075587798
"3605",0.0128407566117721,0.987159243388228
"3612",0.0252133720298159,0.974786627970184
"3613",0.00972736132758956,0.99027263867241
"3615",0.0283479807244348,0.971652019275565
"3616",0.0110669005925351,0.988933099407465
"3638",0.0306566460942939,0.969343353905706
"3640",0.000641728078807469,0.999358271921193
"3644",0.0487541854450192,0.951245814554981
"3645",0.00818024936222816,0.991819750637772
"3646",0.97946877767057,0.0205312223294305
"3649",0.0896670861342446,0.910332913865755
"3650",0.0311778773723946,0.968822122627605
"3651",0.000294354089202531,0.999705645910797
"3652",0.0160784098208281,0.983921590179172
"3656",0.0460410055420107,0.953958994457989
"3657",0.00415138131097326,0.995848618689027
"3659",0.001069287352227,0.998930712647773
"3662",0.997580307209381,0.00241969279061869
"3667",0.000655938826153224,0.999344061173847
"3669",0.00555774186550173,0.994442258134498
"3670",0.000138571925271114,0.999861428074729
"3672",0.927621580288518,0.0723784197114819
"3680",0.994241032176009,0.00575896782399109
"3681",0.0060547872172072,0.993945212782793
"3683",0.00652154287683648,0.993478457123164
"3686",0.994913695837234,0.00508630416276619
"3687",0.881090919018596,0.118909080981404
"3689",0.00227874912964687,0.997721250870353
"3690",0.0228566897395049,0.977143310260495
"3694",0.0121661387272221,0.987833861272778
"3699",3.95952813710965e-05,0.999960404718629
"3703",0.141001708969458,0.858998291030542
"3704",0.882570563626229,0.117429436373771
"3705",0.059957718412327,0.940042281587673
"3707",0.626212263786234,0.373787736213766
"3708",0.563996521376492,0.436003478623508
"3709",0.062749645709974,0.937250354290026
"3713",0.0355575836371645,0.964442416362835
"3714",0.108873917317867,0.891126082682133
"3715",0.765089399772545,0.234910600227455
"3716",0.933789238283644,0.0662107617163557
"3718",0.0314220097393324,0.968577990260668
"3719",0.0169946775719481,0.983005322428052
"3723",0.0158630471883291,0.984136952811671
"3731",0.0131238069240296,0.98687619307597
"3734",0.00523314354512494,0.994766856454875
"3740",0.00377823876743921,0.996221761232561
"3741",0.157637718005393,0.842362281994607
"3745",0.00337748516289849,0.996622514837102
"3748",0.05010924929246,0.94989075070754
"3749",0.00764863073227351,0.992351369267726
"3751",0.00144025975144024,0.99855974024856
"3759",0.775420487815387,0.224579512184613
"3760",0.0674366901971499,0.93256330980285
"3762",0.15681330811492,0.84318669188508
"3767",0.458874396509415,0.541125603490585
"3770",0.00128642302441606,0.998713576975584
"3773",0.0105978126549482,0.989402187345052
"3775",0.00506376879227555,0.994936231207724
"3776",0.0459172755300971,0.954082724469903
"3783",0.00805955000326231,0.991940449996738
"3784",0.0592494186977151,0.940750581302285
"3786",0.0430713001954355,0.956928699804565
"3792",0.00515249033021659,0.994847509669783
"3795",0.527786422016313,0.472213577983687
"3796",0.9961015667617,0.00389843323829991
"3809",0.00373521865652715,0.996264781343473
"3812",0.0104011716930906,0.989598828306909
"3816",0.0807305743520286,0.919269425647971
"3821",0.00254268894222687,0.997457311057773
"3823",0.999291450675841,0.000708549324158499
"3826",0.0174914027285712,0.982508597271429
"3831",0.0090884377597511,0.990911562240249
"3833",0.00818684975252304,0.991813150247477
"3840",0.00104032989332015,0.99895967010668
"3844",0.00243599513603621,0.997564004863964
"3845",0.186841688638488,0.813158311361512
"3848",0.0651884633776777,0.934811536622322
"3849",0.017390016273348,0.982609983726652
"3853",0.924075254127295,0.0759247458727053
"3854",0.00315655662825642,0.996843443371744
"3855",0.0314204021084322,0.968579597891568
"3868",0.984354338007746,0.0156456619922539
"3872",0.000828391690441133,0.999171608309559
"3873",0.306411396345412,0.693588603654588
"3888",0.949143397321018,0.0508566026789823
"3893",0.00474232246415918,0.995257677535841
"3899",0.0117691887749808,0.988230811225019
"3903",0.853608694076987,0.146391305923013
"3907",0.00321366904951625,0.996786330950484
"3908",0.000616198534030277,0.99938380146597
"3910",0.988898984865586,0.0111010151344138
"3912",6.24934833393098e-05,0.999937506516661
"3913",0.00865528030926588,0.991344719690734
"3916",0.0836329330081558,0.916367066991844
"3918",0.00153659901023517,0.998463400989765
"3924",0.00283553930908675,0.997164460690913
"3927",0.646191045775096,0.353808954224904
"3928",0.00278079608842496,0.997219203911575
"3932",0.00451747433058236,0.995482525669418
"3935",0.00319189808265519,0.996808101917345
"3937",0.169902876355456,0.830097123644544
"3938",0.976096964516849,0.0239030354831511
"3945",0.000504119970826555,0.999495880029173
"3952",0.0487679716784395,0.951232028321561
"3953",0.0721052427538449,0.927894757246155
"3955",0.0478867801468408,0.952113219853159
"3966",0.991372171806637,0.00862782819336321
"3981",0.295576355727454,0.704423644272546
"3983",0.773046148081667,0.226953851918333
"3984",0.000440457733325683,0.999559542266674
"3989",0.00501036468024874,0.994989635319751
"3990",0.129211134198271,0.870788865801729
"3991",0.157219695035989,0.842780304964011
"3993",0.000757124810476628,0.999242875189523
"4006",0.00949762278029009,0.99050237721971
"4013",0.00213212971211951,0.99786787028788
"4015",0.997678220328172,0.00232177967182827
"4021",0.970664476835782,0.0293355231642177
"4024",0.000972177268967922,0.999027822731032
"4026",0.0120597217357163,0.987940278264284
"4027",0.669598498394498,0.330401501605502
"4030",0.990672135814921,0.00932786418507886
"4034",0.290882788783992,0.709117211216008
"4035",0.000297111881227829,0.999702888118772
"4036",0.99256865917289,0.00743134082710951
"4037",0.031415966999071,0.968584033000929
"4038",0.135434737700862,0.864565262299138
"4040",0.361845305710347,0.638154694289653
"4043",0.544808519297922,0.455191480702078
"4049",0.00895525308029532,0.991044746919705
"4056",0.0169116950450324,0.983088304954968
"4061",5.09618771249443e-05,0.999949038122875
"4066",0.000430796746516804,0.999569203253483
"4074",0.175028495904692,0.824971504095308
"4078",0.954085389867726,0.045914610132274
"4080",0.992264952640481,0.00773504735951865
"4086",0.994578195308266,0.00542180469173441
"4089",0.00994728048137183,0.990052719518628
"4091",1.66980603182321e-05,0.999983301939682
"4092",0.0188803703385962,0.981119629661404
"4093",0.00494842613413649,0.995051573865864
"4099",0.999569176963735,0.000430823036265384
"4100",0.000900724321160951,0.999099275678839
"4102",0.0357435648754306,0.964256435124569
"4105",0.193693788479777,0.806306211520223
"4107",0.36058880645865,0.63941119354135
"4110",0.00178490267525688,0.998215097324743
"4116",0.010107723514548,0.989892276485452
"4118",0.00015925151617513,0.999840748483825
"4119",0.0337039380138383,0.966296061986162
"4124",0.02153459655754,0.97846540344246
"4125",0.0550403655648741,0.944959634435126
"4126",0.000428867804805666,0.999571132195194
"4127",0.0121168746428697,0.98788312535713
"4134",0.00472778987268485,0.995272210127315
"4135",0.993662925501808,0.00633707449819245
"4139",0.00035113717486257,0.999648862825137
"4144",0.0325067325629111,0.967493267437089
"4145",0.00409269411744284,0.995907305882557
"4146",0.813328763299695,0.186671236700305
"4151",0.585308038137347,0.414691961862653
"4153",0.00183757941493246,0.998162420585068
"4158",0.00038845506923102,0.999611544930769
"4159",0.00162971206326734,0.998370287936733
"4161",0.0107112955849854,0.989288704415015
"4166",0.00168407913924751,0.998315920860752
"4169",0.0027751041745161,0.997224895825484
"4170",0.152016974383739,0.847983025616261
"4176",0.00063756257799974,0.999362437422
"4180",0.00255673428241143,0.997443265717589
"4185",0.01022150273139,0.98977849726861
"4188",0.0115865417070535,0.988413458292946
"4191",0.000736592626546462,0.999263407373454
"4192",0.0154295984036725,0.984570401596327
"4195",0.0082228112458903,0.99177718875411
"4199",0.00208189668785141,0.997918103312149
"4200",0.992465739734536,0.00753426026546355
"4201",0.99649421667852,0.00350578332147966
"4207",0.00603362734948465,0.993966372650515
"4209",0.00104160175524126,0.998958398244759
"4210",0.04305642021597,0.95694357978403
"4214",0.0198512184558608,0.980148781544139
"4215",0.0125921359285682,0.987407864071432
"4217",0.00188848120896112,0.998111518791039
"4220",0.9511675678342,0.0488324321658002
"4226",0.853028186297317,0.146971813702683
"4229",0.00398141801206853,0.996018581987931
"4232",0.0186840176247792,0.981315982375221
"4235",0.00546640903731122,0.994533590962689
"4237",0.533833997498482,0.466166002501517
"4239",5.47919306084221e-05,0.999945208069392
"4240",0.98488720844618,0.0151127915538203
"4242",0.000167718878783973,0.999832281121216
"4243",0.00641133332084654,0.993588666679153
"4244",0.00192138231619154,0.998078617683808
"4245",0.977095900352207,0.0229040996477931
"4246",0.0309120472276952,0.969087952772305
"4250",0.692927206337101,0.307072793662899
"4252",0.101904508962879,0.898095491037121
"4259",0.203456890071921,0.796543109928079
"4261",0.00521668358445104,0.994783316415549
"4262",0.0414265143722524,0.958573485627748
"4263",0.0156304533872076,0.984369546612792
"4266",0.471888376270548,0.528111623729452
"4268",0.000414800190879805,0.99958519980912
"4271",0.00323464810909246,0.996765351890908
"4288",0.000703424691980703,0.999296575308019
"4294",0.000469234328059009,0.999530765671941
"4295",0.000880853876621179,0.999119146123379
"4296",0.0116600571927391,0.988339942807261
"4298",0.374504981399092,0.625495018600908
"4299",0.0108597012683899,0.98914029873161
"4306",0.00307043075221303,0.996929569247787
"4307",0.12710600859833,0.87289399140167
"4311",0.744446124593771,0.255553875406229
"4312",0.913185904435792,0.0868140955642084
"4316",0.00767551550759538,0.992324484492405
"4317",0.0587603461940018,0.941239653805998
"4320",0.00397115093970013,0.9960288490603
"4322",0.00171205468477975,0.99828794531522
"4325",0.214692900644475,0.785307099355525
"4328",0.999242045165063,0.000757954834937277
"4331",0.00468447047224296,0.995315529527757
"4339",2.12813209082841e-05,0.999978718679092
"4340",0.243638924929641,0.756361075070359
"4341",0.0134340452508631,0.986565954749137
"4342",0.67134480359325,0.32865519640675
"4343",0.0258215138317645,0.974178486168236
"4348",0.000541771978021854,0.999458228021978
"4351",0.0171438469453674,0.982856153054633
"4352",8.56957733114116e-05,0.999914304226689
"4353",0.00252008812621218,0.997479911873788
"4354",0.186030318946119,0.813969681053881
"4358",0.0596753589686453,0.940324641031355
"4365",0.115747157213822,0.884252842786178
"4372",0.00590037345681393,0.994099626543186
"4373",0.9914760862345,0.00852391376550033
"4375",0.00421578942000134,0.995784210579999
"4379",0.0405255540224477,0.959474445977552
"4380",0.0279669293869984,0.972033070613002
"4381",0.995467446027593,0.00453255397240666
"4383",0.00010455688089861,0.999895443119101
"4385",0.019517285802885,0.980482714197115
"4386",0.0288140187389944,0.971185981261006
"4387",0.830707230728196,0.169292769271804
"4389",0.0031745735322839,0.996825426467716
"4394",0.00199573652506002,0.99800426347494
"4398",0.0001545274099366,0.999845472590063
"4410",0.00781492274734363,0.992185077252656
"4412",0.00221504548467777,0.997784954515322
"4423",0.979454443359904,0.0205455566400959
"4424",0.0364780796505512,0.963521920349449
"4426",0.0153245789455861,0.984675421054414
"4428",0.984684840209655,0.0153151597903453
"4430",0.859136813046995,0.140863186953005
"4434",0.0139713123957208,0.986028687604279
"4435",0.00102492854269876,0.998975071457301
"4438",0.00218121088735612,0.997818789112644
"4439",0.14547965324858,0.85452034675142
"4440",0.785935266801808,0.214064733198192
"4448",0.0393344471359806,0.960665552864019
"4453",0.00562181782163618,0.994378182178364
"4454",0.0666420355638392,0.933357964436161
"4457",0.00720620780636771,0.992793792193632
"4463",0.00934127413636643,0.990658725863634
"4467",0.163873565582191,0.836126434417809
"4468",0.0521549799253852,0.947845020074615
"4470",0.00463318550384706,0.995366814496153
"4472",0.00136937913221302,0.998630620867787
"4480",0.0521453922380145,0.947854607761985
"4483",0.000670640422689384,0.999329359577311
"4487",0.680974574674447,0.319025425325553
"4496",0.991938475179223,0.00806152482077711
"4497",0.000181159688233734,0.999818840311766
"4498",0.994171872901384,0.00582812709861586
"4499",0.00827345914547684,0.991726540854523
"4502",0.0783719982638003,0.9216280017362
"4504",0.121377681521514,0.878622318478486
"4508",0.00136416587708432,0.998635834122916
"4513",0.00354538044898023,0.99645461955102
"4515",0.02664434340652,0.97335565659348
"4517",0.00256286939172201,0.997437130608278
"4523",0.797465014546127,0.202534985453873
"4533",0.17768610799626,0.82231389200374
"4535",0.135175428717016,0.864824571282984
"4537",0.0883392274439115,0.911660772556088
"4548",0.0293822600564043,0.970617739943596
"4553",0.00270908331253106,0.997290916687469
"4562",0.00100784620770811,0.998992153792292
"4565",0.0151335307495132,0.984866469250487
"4569",0.0216794874433677,0.978320512556632
"4571",0.344604553141538,0.655395446858462
"4575",0.883012887501505,0.116987112498495
"4577",0.282584159468146,0.717415840531854
"4580",0.0209965604416834,0.979003439558317
"4584",0.00875339179372125,0.991246608206279
"4586",0.122654672886184,0.877345327113816
"4587",0.00470270737769418,0.995297292622306
"4589",0.989068584897156,0.0109314151028441
"4592",0.93634407581147,0.0636559241885305
"4593",0.00172964494277905,0.998270355057221
"4599",0.591780134695073,0.408219865304927
"4605",0.0178537520562095,0.98214624794379
"4612",0.00078433235467712,0.999215667645323
"4613",0.381712219849038,0.618287780150962
"4617",0.00518481225135636,0.994815187748644
"4618",0.0306605766915991,0.969339423308401
"4620",0.0179966518388377,0.982003348161162
"4621",0.00616825796001685,0.993831742039983
"4623",0.335564614337575,0.664435385662425
"4630",0.0029130932393564,0.997086906760644
"4634",0.000751069068980259,0.99924893093102
"4637",0.0623681002412821,0.937631899758718
"4639",0.168052299482702,0.831947700517298
"4640",0.402716144349307,0.597283855650693
"4642",0.00140994693761398,0.998590053062386
"4644",0.996750022843627,0.00324997715637318
"4647",0.53528861103207,0.46471138896793
"4648",0.999332980181875,0.000667019818125124
"4662",0.983799745161999,0.0162002548380009
"4665",0.0831005012600433,0.916899498739957
"4668",0.787279748699064,0.212720251300936
"4670",0.311027153368667,0.688972846631333
"4671",0.204410472420481,0.795589527579519
"4673",0.12589395335724,0.87410604664276
"4679",0.00970609744884166,0.990293902551158
"4680",0.00110476305208074,0.998895236947919
"4682",0.428406503406813,0.571593496593187
"4685",0.00115141602255164,0.998848583977448
"4686",0.0210321579115536,0.978967842088446
"4687",0.000474145565991457,0.999525854434009
"4694",0.231315407659247,0.768684592340753
"4703",0.000189154384122925,0.999810845615877
"4704",0.0109988872189358,0.989001112781064
"4705",0.487874429911503,0.512125570088497
"4707",0.00345165595010155,0.996548344049898
"4708",0.00095112583515744,0.999048874164843
"4713",0.00209218266184608,0.997907817338154
"4714",0.976932816577018,0.023067183422982
"4715",0.00017144342886255,0.999828556571137
"4716",0.000247444137273845,0.999752555862726
"4722",0.00108653907918954,0.99891346092081
"4725",0.992637827723077,0.00736217227692328
"4729",0.011159097641362,0.988840902358638
"4732",0.745953809341638,0.254046190658362
"4733",0.00137095116481434,0.998629048835186
"4736",0.00850699818930689,0.991493001810693
"4740",0.0927584531986481,0.907241546801352
"4741",0.00864427210648278,0.991355727893517
"4750",0.0287691850291868,0.971230814970813
"4758",0.00227597911474464,0.997724020885255
"4759",0.0280299800185169,0.971970019981483
"4762",0.00775851119119231,0.992241488808808
"4766",0.0033495601605158,0.996650439839484
"4770",0.000969964588150241,0.99903003541185
"4772",0.957175556970018,0.0428244430299818
"4782",0.167228501959769,0.832771498040231
"4783",0.633391708835718,0.366608291164282
"4784",0.0099361077459208,0.990063892254079
"4785",0.0362989432688768,0.963701056731123
"4791",0.000825238457428656,0.999174761542571
"4792",0.0907883237119648,0.909211676288035
"4797",0.0159358078116033,0.984064192188397
"4798",0.99664783674852,0.00335216325148012
"4808",0.00355925864237905,0.996440741357621
"4810",0.0533808472126652,0.946619152787335
"4813",0.00292245971883554,0.997077540281164
"4815",0.211943417659846,0.788056582340154
"4816",0.00938457831976203,0.990615421680238
"4821",0.901767902511486,0.0982320974885138
"4826",0.00578680723234415,0.994213192767656
"4828",0.00851177162546646,0.991488228374534
"4830",0.0153381699985186,0.984661830001481
"4834",0.0364312728019659,0.963568727198034
"4835",0.00596631360986033,0.99403368639014
"4839",0.014539854128232,0.985460145871768
"4840",0.814767948694394,0.185232051305606
"4842",0.0105568880450917,0.989443111954908
"4844",0.0299737103615416,0.970026289638458
"4847",0.00339971422913565,0.996600285770864
"4849",0.996483097683364,0.00351690231663555
"4851",0.002618085717219,0.997381914282781
"4858",0.291980424267851,0.708019575732149
"4867",0.00788517236429032,0.99211482763571
"4868",0.00177535811169927,0.998224641888301
"4875",0.0517999862179896,0.94820001378201
"4886",0.046942920328269,0.953057079671731
"4892",0.0132613193759156,0.986738680624084
"4896",0.0132899633034944,0.986710036696506
"4898",0.633733811367037,0.366266188632963
"4899",0.000568523781397379,0.999431476218603
"4900",0.00231218175515724,0.997687818244843
"4903",0.0118754832118889,0.988124516788111
"4905",0.0718027793252537,0.928197220674746
"4908",0.00452819915736868,0.995471800842631
"4909",0.000485373561162517,0.999514626438837
"4911",0.962119873810992,0.0378801261890084
"4914",0.926471848648867,0.0735281513511328
"4919",0.000267698270287164,0.999732301729713
"4925",0.000314742713736771,0.999685257286263
"4928",0.987466021019052,0.0125339789809483
"4930",0.377167844097715,0.622832155902285
"4932",0.989529837871392,0.0104701621286076
"4936",0.00905174128783659,0.990948258712163
"4938",0.0163299319943678,0.983670068005632
"4942",2.92421794153563e-05,0.999970757820585
"4951",0.0138712547961465,0.986128745203854
"4952",0.0150234995737453,0.984976500426255
"4953",0.00701460470161386,0.992985395298386
"4957",0.0021065845178605,0.99789341548214
"4960",0.0138076640380523,0.986192335961948
"4965",0.00321521123803936,0.996784788761961
"4968",0.00097756473169397,0.999022435268306
"4976",0.819431468992306,0.180568531007694
"4977",0.0017861924678102,0.99821380753219
"4981",0.00602094903343531,0.993979050966565
"4983",0.100154099661774,0.899845900338226
"4985",0.000768677000898443,0.999231322999102
"4990",0.00129995009558836,0.998700049904412
"4998",0.000104761934767383,0.999895238065233
"5004",0.00115512502237303,0.998844874977627
"5005",0.993655153515329,0.00634484648467123
"5006",0.00586974084636249,0.994130259153638
"5011",0.0257255760551296,0.97427442394487
"5012",0.95658135950438,0.0434186404956203
"5016",0.00126428349384478,0.998735716506155
"5017",0.0256246901016205,0.97437530989838
"5021",0.00165998809975676,0.998340011900243
"5025",0.0250837006676974,0.974916299332303
"5027",4.95073099031629e-05,0.999950492690097
"5039",0.0459074043340838,0.954092595665916
"5042",0.169615883257535,0.830384116742465
"5051",0.00494082726948508,0.995059172730515
"5063",0.00207075158159864,0.997929248418401
"5065",0.00835468725495059,0.991645312745049
"5068",0.0312732212795251,0.968726778720475
"5069",0.98284739878545,0.0171526012145498
"5073",0.0309580577547282,0.969041942245272
"5077",0.0197391976888532,0.980260802311147
"5078",0.0111319327518031,0.988868067248197
"5079",0.00541657784078731,0.994583422159213
"5081",0.00652660397241278,0.993473396027587
"5083",0.000682624037387947,0.999317375962612
"5086",0.62276467930211,0.37723532069789
"5089",0.00208955676441069,0.997910443235589
"5091",0.000581797811477602,0.999418202188522
"5095",0.106635487860782,0.893364512139218
"5096",0.207821726870604,0.792178273129396
"5098",0.00956762014437529,0.990432379855625
"5102",0.0858441299108225,0.914155870089178
"5104",0.0868527791012578,0.913147220898742
"5110",0.00893277070079179,0.991067229299208
"5111",0.0559198556055429,0.944080144394457
"5115",0.322080036538385,0.677919963461615
"5117",0.000466255213012801,0.999533744786987
"5118",0.180011271965759,0.819988728034241
"5126",0.002075132412658,0.997924867587342
"5127",0.874859763918426,0.125140236081574
"5130",3.53388836616952e-05,0.999964661116338
"5131",0.0146129393922866,0.985387060607713
"5136",0.735995373627017,0.264004626372983
"5140",2.62975125021603e-05,0.999973702487498
"5156",0.000326687777680856,0.999673312222319
"5157",0.997568182262443,0.00243181773755722
"5160",0.000428780228104664,0.999571219771895
"5166",0.00483647516122154,0.995163524838778
"5171",0.0378638552553539,0.962136144744646
"5178",0.946040138081055,0.0539598619189445
"5179",0.646010271006064,0.353989728993936
"5180",0.0353284745070962,0.964671525492904
"5181",0.998015763632565,0.00198423636743503
"5186",0.000208340425441045,0.999791659574559
"5189",0.0470687861217681,0.952931213878232
"5191",0.0564366899114581,0.943563310088542
"5198",0.0980746988721459,0.901925301127854
"5206",0.575183883872231,0.424816116127769
"5210",0.00088932741009462,0.999110672589905
"5218",0.000933849027309641,0.99906615097269
"5223",0.264867273871954,0.735132726128046
"5225",0.347853265581147,0.652146734418853
"5226",0.121609743362622,0.878390256637378
"5231",0.670492915548119,0.329507084451881
"5232",0.00556577436135963,0.99443422563864
"5233",0.917805880779956,0.0821941192200444
"5238",0.000927580965952135,0.999072419034048
"5241",0.118284408840821,0.881715591159179
"5244",0.00098908840834433,0.999010911591656
"5248",0.00242236770591475,0.997577632294085
"5250",0.00094932538080239,0.999050674619198
"5252",0.064213177181656,0.935786822818344
"5254",0.983858119921113,0.0161418800788867
"5255",0.00156521313619651,0.998434786863803
"5256",0.0107441682957214,0.989255831704279
"5260",0.000889376057886859,0.999110623942113
"5262",0.918818240812301,0.0811817591876988
"5263",0.000341400066732667,0.999658599933267
"5266",0.944344053900497,0.0556559460995032
"5267",0.000317696240230481,0.99968230375977
"5269",0.994214949826722,0.00578505017327756
"5271",0.00289371382398906,0.997106286176011
"5274",0.98794378171163,0.0120562182883697
"5280",0.0053892930848185,0.994610706915181
"5281",0.762042054937766,0.237957945062234
"5285",0.00317697865754041,0.99682302134246
"5286",0.0507409611781253,0.949259038821875
"5288",0.00406928575533083,0.995930714244669
"5290",0.00356294786925793,0.996437052130742
"5294",0.033968941674167,0.966031058325833
"5298",0.998465073949052,0.00153492605094812
"5302",0.000931009505969249,0.999068990494031
"5303",0.00685601859179485,0.993143981408205
"5304",7.31538705045498e-06,0.99999268461295
"5311",0.246713628090475,0.753286371909525
"5312",0.00113265431428533,0.998867345685715
"5314",0.000130831245094942,0.999869168754905
"5315",0.00157355139600412,0.998426448603996
"5322",0.0225504555294629,0.977449544470537
"5325",0.000145545931038882,0.999854454068961
"5327",0.0157429675202974,0.984257032479703
"5329",0.000113963301014763,0.999886036698985
"5332",0.00101228971564882,0.998987710284351
"5333",0.0397178862957526,0.960282113704247
"5334",0.966721757988168,0.033278242011832
"5339",0.0212354538086277,0.978764546191372
"5344",0.990943317031459,0.00905668296854132
"5345",0.995067852236994,0.00493214776300584
"5350",0.911949947519579,0.088050052480421
"5352",0.000308441624710887,0.999691558375289
"5355",0.300650176465959,0.699349823534041
"5365",0.324334811326062,0.675665188673938
"5366",0.00577716575233467,0.994222834247665
"5367",0.000861204418781902,0.999138795581218
"5374",0.0039569099716833,0.996043090028317
"5377",0.991237484762171,0.00876251523782924
"5379",0.904882019320864,0.0951179806791363
"5382",0.852660640108665,0.147339359891335
"5383",0.993931441769167,0.00606855823083258
"5389",0.0165667790199299,0.98343322098007
"5398",0.0177358567036463,0.982264143296354
"5399",0.00686949757528188,0.993130502424718
"5401",0.00309029983915865,0.996909700160841
"5407",0.00937789533239863,0.990622104667601
"5414",0.000353192882516007,0.999646807117484
"5417",0.00270028768802166,0.997299712311978
"5418",0.00815543707464428,0.991844562925356
"5420",0.902882470834886,0.0971175291651144
"5425",0.000694838387363506,0.999305161612636
"5426",0.000220311042462562,0.999779688957537
"5429",0.00135955423492951,0.99864044576507
"5430",0.00910066945662369,0.990899330543376
"5436",0.00431736195846444,0.995682638041536
"5437",0.99724685159822,0.00275314840177956
"5439",0.919343941957991,0.0806560580420086
"5445",0.0309896580942439,0.969010341905756
"5447",0.352094540094392,0.647905459905608
"5449",0.0242753454960674,0.975724654503933
"5456",0.272267173785943,0.727732826214057
"5458",0.973150099756671,0.026849900243329
"5465",0.157467441464463,0.842532558535537
"5467",0.854773453768824,0.145226546231176
"5468",0.0357500527561734,0.964249947243827
"5469",0.0110259890176663,0.988974010982334
"5470",0.334335413906985,0.665664586093015
"5473",0.00884416158054524,0.991155838419455
"5478",0.000277779138743495,0.999722220861257
"5482",0.0123464493207311,0.987653550679269
"5485",0.00278509150370665,0.997214908496293
"5486",0.219327711506436,0.780672288493564
"5489",0.982642664788333,0.0173573352116673
"5492",0.0109468183870725,0.989053181612928
"5493",0.189125665039187,0.810874334960813
"5494",0.165518029441391,0.834481970558609
"5499",0.0467980584604122,0.953201941539588
"5505",0.996540905550859,0.00345909444914141
"5507",0.993662198099086,0.00633780190091434
"5508",0.0537592348921062,0.946240765107894
"5512",0.0656119390386649,0.934388060961335
"5513",0.0146367137100764,0.985363286289924
"5516",0.131211892774081,0.868788107225919
"5520",0.00752330275088009,0.99247669724912
"5524",0.00391383654952193,0.996086163450478
"5528",0.00275281065448307,0.997247189345517
"5532",0.885660574285094,0.114339425714906
"5536",0.010605395139701,0.989394604860299
"5539",0.00200808279279452,0.997991917207205
"5541",0.00184239312655121,0.998157606873449
"5549",0.0919840462969078,0.908015953703092
"5551",0.0697339643988724,0.930266035601128
"5552",0.0513506224774427,0.948649377522557
"5553",0.990236793146992,0.00976320685300756
"5555",0.949819249786902,0.0501807502130978
"5556",0.62648508949204,0.37351491050796
"5560",0.0280553637230657,0.971944636276934
"5561",0.187003652395106,0.812996347604894
"5562",0.0826647025534032,0.917335297446597
"5564",0.0451855716041862,0.954814428395814
"5571",0.970298120169689,0.0297018798303105
"5579",0.966698997152671,0.0333010028473292
"5580",0.225368016664378,0.774631983335622
"5583",0.534493300364222,0.465506699635778
"5584",0.00239767536422453,0.997602324635775
"5592",0.0105446338668412,0.989455366133159
"5596",0.000863982017369813,0.99913601798263
"5598",0.00183750893714174,0.998162491062858
"5600",0.999088886887027,0.000911113112973135
"5603",0.986780197828505,0.0132198021714953
"5609",0.917071780461999,0.0829282195380013
"5613",0.518515019995332,0.481484980004668
"5615",0.337522426053404,0.662477573946596
"5617",0.0158682918337518,0.984131708166248
"5618",0.239133865333328,0.760866134666672
"5625",0.00195384303191803,0.998046156968082
"5627",0.0279728056069762,0.972027194393024
"5628",0.872499185149328,0.127500814850672
"5632",0.120562844639124,0.879437155360876
"5636",0.00299501925476331,0.997004980745237
"5642",0.999435328316703,0.0005646716832965
"5643",0.0471320230574226,0.952867976942577
"5646",0.0187365098038123,0.981263490196188
"5648",0.934179122997098,0.0658208770029021
"5657",0.366291349371898,0.633708650628102
"5659",0.000700130114951292,0.999299869885049
"5660",0.002524872596116,0.997475127403884
"5665",0.14453444995988,0.85546555004012
"5668",0.0523185608284676,0.947681439171532
"5672",0.0805668461900905,0.91943315380991
"5673",0.961620209364757,0.0383797906352427
"5674",0.932346778426318,0.067653221573682
"5676",0.00229096737957479,0.997709032620425
"5685",0.00709506521292003,0.99290493478708
"5686",0.00955775109428991,0.99044224890571
"5697",0.000989852444288397,0.999010147555712
"5698",0.951103696491657,0.048896303508343
"5700",0.472181168907469,0.527818831092531
"5701",0.0199082376602137,0.980091762339786
"5703",0.0720158663389044,0.927984133661096
"5705",0.00733206437393774,0.992667935626062
"5706",0.998012444720488,0.00198755527951222
"5707",0.00496423800056067,0.995035761999439
"5719",0.00119637040879894,0.998803629591201
"5724",0.620368051133588,0.379631948866412
"5725",0.129060880112493,0.870939119887507
"5726",0.924012535222878,0.0759874647771221
"5729",0.0810073557723405,0.918992644227659
"5733",0.801289833176328,0.198710166823672
"5735",0.012935838049178,0.987064161950822
"5736",0.00458064779142298,0.995419352208577
"5737",0.0014106227911368,0.998589377208863
"5751",0.00711005359554395,0.992889946404456
"5754",0.591573388302449,0.408426611697551
"5757",0.00412095252796763,0.995879047472032
"5759",0.0231359192490994,0.976864080750901
"5762",0.00436975495847525,0.995630245041525
"5764",0.905102770268907,0.0948972297310929
"5771",0.0042809488614044,0.995719051138596
"5773",0.998056653491353,0.00194334650864689
"5776",0.688978627183175,0.311021372816825
"5782",0.0937083529269358,0.906291647073064
"5787",0.00335737002424541,0.996642629975755
"5788",0.383681714460761,0.616318285539239
"5790",0.0472364289190267,0.952763571080973
"5792",0.000581413581099866,0.9994185864189
"5795",0.0541545873309169,0.945845412669083
"5796",0.0336608287238962,0.966339171276104
"5805",0.101855370997957,0.898144629002043
"5806",0.50873450929395,0.49126549070605
"5809",0.99738296264715,0.0026170373528501
"5811",0.200946910035406,0.799053089964594
"5812",0.00128451786040318,0.998715482139597
"5814",0.000894850424295379,0.999105149575705
"5815",0.543630753633738,0.456369246366262
"5818",0.00285371314117011,0.99714628685883
"5828",0.0715749624639056,0.928425037536094
"5832",0.0131283431447078,0.986871656855292
"5833",0.0017553108539089,0.998244689146091
"5834",0.000835345494720974,0.999164654505279
"5837",0.955359416010336,0.0446405839896638
"5838",0.0495486784533695,0.95045132154663
"5841",0.00460056360640859,0.995399436393591
"5842",0.64148839330208,0.35851160669792
"5843",0.0981317294316368,0.901868270568363
"5845",0.0202921906429808,0.979707809357019
"5854",0.0171696157492675,0.982830384250733
"5859",0.00440281723117941,0.995597182768821
"5861",0.00163100606602262,0.998368993933977
"5863",0.0385199091159288,0.961480090884071
"5864",0.980364569880883,0.0196354301191168
"5865",0.00938932829464867,0.990610671705351
"5871",0.00148151847837497,0.998518481521625
"5872",0.0261666782247084,0.973833321775292
"5878",0.0133812432449921,0.986618756755008
"5889",0.00832818616799569,0.991671813832004
"5902",0.0488341093357664,0.951165890664234
"5903",0.154089398734396,0.845910601265604
"5906",0.0176150681955178,0.982384931804482
"5908",0.00114600712225588,0.998853992877744
"5918",0.896711207009479,0.103288792990521
"5919",0.252673375830582,0.747326624169418
"5920",0.182965515250458,0.817034484749542
"5924",0.000685191272254304,0.999314808727746
"5927",0.0108344346966978,0.989165565303302
"5928",0.0102728124124826,0.989727187587517
"5930",0.955639520856382,0.0443604791436183
"5933",0.143793352174206,0.856206647825794
"5943",0.0208334506804219,0.979166549319578
"5944",0.370373748425208,0.629626251574792
"5945",0.451218266885706,0.548781733114294
"5946",0.891955541310351,0.108044458689649
"5956",0.979461910848177,0.0205380891518228
"5960",0.998688246970112,0.00131175302988827
"5966",0.00460910846232632,0.995390891537674
"5976",0.00181128817771448,0.998188711822286
"5979",0.224827090469047,0.775172909530953
"5981",0.0866451375529769,0.913354862447023
"5988",0.288628165406129,0.711371834593871
"5990",0.94337205000394,0.05662794999606
"5996",0.00302110309863346,0.996978896901367
"5998",0.00518208208001714,0.994817917919983
"6000",0.112087070447869,0.887912929552131
"6001",0.761005186815304,0.238994813184696
"6002",0.0320828019478567,0.967917198052143
"6008",0.224277834796723,0.775722165203277
"6009",0.00275808724845672,0.997241912751543
"6011",0.00991724699344265,0.990082753006557
"6012",0.00220127036177764,0.997798729638222
"6021",0.0817422104784009,0.918257789521599
"6024",0.232114362116877,0.767885637883123
"6026",0.00529611119158047,0.99470388880842
"6027",0.4101661994899,0.5898338005101
"6031",0.12838580456475,0.87161419543525
"6034",0.00355151927001796,0.996448480729982
"6035",0.192058335055915,0.807941664944085
"6037",0.206742771310537,0.793257228689463
"6047",0.240873921680478,0.759126078319522
"6050",0.0140124807647128,0.985987519235287
"6051",0.00187686126034625,0.998123138739654
"6058",0.290917054227424,0.709082945772576
"6063",0.53427001133166,0.46572998866834
"6064",0.26149620452849,0.73850379547151
"6067",0.00740139431573306,0.992598605684267
"6071",0.296818627892481,0.703181372107519
"6072",0.0324548633881994,0.967545136611801
"6074",0.22844054535693,0.77155945464307
"6078",0.840423809104041,0.159576190895959
"6081",0.0088350164629335,0.991164983537067
"6088",0.544688659651392,0.455311340348608
"6090",0.363364688637459,0.636635311362541
"6094",0.035453734212251,0.964546265787749
"6097",0.0281681214028159,0.971831878597184
"6098",0.144016026082634,0.855983973917366
"6100",0.293872440697351,0.706127559302649
"6103",0.447850507400969,0.552149492599031
"6106",0.932239551318044,0.0677604486819555
"6107",0.0843019614976703,0.91569803850233
"6108",0.563499526066725,0.436500473933275
"6109",0.139077729433297,0.860922270566703
"6111",0.149880345860803,0.850119654139197
"6112",0.840529119026051,0.159470880973949
"6116",0.563639998051002,0.436360001948998
"6119",0.0295860210907559,0.970413978909244
"6121",0.0279502754611385,0.972049724538862
"6124",0.100110677954083,0.899889322045917
"6126",0.194078603869517,0.805921396130483
"6127",0.999888152912432,0.000111847087567676
"6128",0.150001132440746,0.849998867559254
"6131",0.977748419353438,0.0222515806465617
"6133",0.00203826006774122,0.997961739932259
"6135",0.141309263112873,0.858690736887127
"6136",0.0346722468530087,0.965327753146991
"6138",0.511627747912955,0.488372252087046
"6143",0.30948937436237,0.69051062563763
"6149",0.723030125649129,0.276969874350871
"6150",0.998870318638216,0.00112968136178398
"6154",0.572151248525903,0.427848751474097
"6162",0.196023474649039,0.803976525350961
"6169",0.00052225974608211,0.999477740253918
"6170",0.937704520456844,0.0622954795431556
"6173",0.209590987598099,0.790409012401901
"6174",0.0105598410063342,0.989440158993666
"6181",0.296278263456313,0.703721736543687
"6182",0.0686713499696939,0.931328650030306
"6187",0.20078380226144,0.79921619773856
"6191",0.0265276327608602,0.97347236723914
"6201",0.108801788474171,0.891198211525829
"6203",0.995840938334924,0.00415906166507558
"6219",0.076744477818585,0.923255522181415
"6224",0.00299255783107599,0.997007442168924
"6228",0.000111562902843199,0.999888437097157
"6230",0.00853323510740267,0.991466764892597
"6232",0.0339847507228052,0.966015249277195
"6235",0.00570959761006329,0.994290402389937
"6237",0.184023110633142,0.815976889366858
"6246",0.478284283983607,0.521715716016393
"6251",0.0150921008357876,0.984907899164212
"6256",0.00383778353927466,0.996162216460725
"6257",0.483505656148696,0.516494343851304
"6260",0.0762941200861097,0.92370587991389
"6261",0.00253901561293535,0.997460984387065
"6263",0.192891649094684,0.807108350905316
"6271",0.00297113619232581,0.997028863807674
"6277",0.671459019803123,0.328540980196877
"6280",0.0168496456846801,0.98315035431532
"6281",0.0273508631568422,0.972649136843158
"6286",0.000473988082851484,0.999526011917149
"6289",0.336211771485661,0.663788228514339
"6290",0.0102734113364343,0.989726588663566
"6291",0.00651195468602705,0.993488045313973
"6297",0.0116212952016022,0.988378704798398
"6299",0.0027622092721129,0.997237790727887
"6300",0.000901490394880522,0.999098509605119
"6305",0.0122032281985506,0.987796771801449
"6308",0.00226056148505327,0.997739438514947
"6311",0.00696709087745373,0.993032909122546
"6317",0.525993063195232,0.474006936804768
"6318",0.000433636700473583,0.999566363299526
"6323",0.726217686494245,0.273782313505755
"6325",0.0498535317809227,0.950146468219077
"6326",0.0252686510437758,0.974731348956224
"6327",0.355231676446982,0.644768323553018
"6330",0.00474194935842087,0.995258050641579
"6340",0.00227488170489731,0.997725118295103
"6341",0.470947273044502,0.529052726955498
"6343",0.000764689800136331,0.999235310199864
"6345",0.0203076735500179,0.979692326449982
"6347",0.0963456269841074,0.903654373015893
"6348",0.0141457090936263,0.985854290906374
"6352",0.00141022616768549,0.998589773832315
"6359",0.539289596004225,0.460710403995775
"6364",0.025234800614778,0.974765199385222
"6366",0.00438321880427706,0.995616781195723
"6370",0.394084947948262,0.605915052051738
"6377",0.674684533472788,0.325315466527212
"6379",0.00222780051242399,0.997772199487576
"6380",0.0178523295119101,0.98214767048809
"6386",0.00434464690193315,0.995655353098067
"6392",0.00100428716998235,0.998995712830018
"6398",0.0110845626305719,0.988915437369428
"6400",0.616428875490627,0.383571124509373
"6402",0.990679231579802,0.00932076842019775
"6403",0.996415837482023,0.00358416251797696
"6407",0.7783139564074,0.2216860435926
"6408",0.999776324228079,0.000223675771920517
"6417",0.0039159260936924,0.996084073906308
"6418",0.0350096562216654,0.964990343778335
"6424",0.00259841340246991,0.99740158659753
"6426",0.959114728573583,0.0408852714264174
"6429",0.00231229462292126,0.997687705377079
"6430",0.464472948011601,0.535527051988399
"6439",0.54364507632433,0.45635492367567
"6440",0.996184728519282,0.00381527148071825
"6441",0.00129399942615038,0.99870600057385
"6447",0.0144835255559358,0.985516474444064
"6456",0.000550245227630031,0.99944975477237
"6457",0.0193698066268493,0.980630193373151
"6459",0.000511337892369901,0.99948866210763
"6469",0.00436350008958841,0.995636499910412
"6470",0.353565983796001,0.646434016203999
"6471",0.000320101134896444,0.999679898865104
"6472",0.609973303601293,0.390026696398707
"6473",0.0782951284770914,0.921704871522909
"6475",0.00303364828744779,0.996966351712552
"6476",0.00275309633349174,0.997246903666508
"6480",0.996212807376613,0.00378719262338708
"6481",0.0301190323579993,0.969880967642001
"6488",0.00876090803830831,0.991239091961692
"6492",0.643163210101298,0.356836789898702
"6497",0.251852694962524,0.748147305037476
"6499",0.982261421041062,0.0177385789589377
"6503",0.00116519384405045,0.99883480615595
"6504",0.000912175440576535,0.999087824559423
"6507",0.273274865433877,0.726725134566123
"6509",0.00380286582142852,0.996197134178571
"6511",0.0106968474843351,0.989303152515665
"6513",0.197423624405487,0.802576375594513
"6514",0.00895375573578527,0.991046244264215
"6516",0.0233202230788637,0.976679776921136
"6522",0.000606700203446775,0.999393299796553
"6524",0.00336603540848479,0.996633964591515
"6535",0.00101060859990021,0.9989893914001
"6536",0.757493440971204,0.242506559028796
"6539",0.149809305498332,0.850190694501668
"6547",0.602980038389281,0.397019961610719
"6548",0.038195066064438,0.961804933935562
"6552",7.09420866681354e-05,0.999929057913332
"6556",0.98757888093038,0.0124211190696203
"6558",0.70716058985821,0.29283941014179
"6559",0.00105818291663673,0.998941817083363
"6560",0.0248103157065716,0.975189684293428
"6563",0.445012404717326,0.554987595282674
"6564",0.0685395328671602,0.93146046713284
"6569",0.740968724318399,0.259031275681601
"6571",0.000675350119571538,0.999324649880428
"6573",0.0142514959375999,0.9857485040624
"6574",0.269638452138657,0.730361547861343
"6575",0.14097214777851,0.85902785222149
"6578",0.0371691406422584,0.962830859357742
"6580",0.838558875135182,0.161441124864818
"6584",0.0166020702332982,0.983397929766702
"6588",0.00793306789727277,0.992066932102727
"6590",0.987859465676997,0.0121405343230032
"6596",0.922651003825551,0.0773489961744489
"6598",0.00946111293874308,0.990538887061257
"6606",0.000345861559986282,0.999654138440014
"6609",0.0892754088602044,0.910724591139796
"6613",0.0228090620801982,0.977190937919802
"6614",0.0529399798540476,0.947060020145952
"6616",0.948470271215526,0.0515297287844743
"6621",0.000263101417098066,0.999736898582902
"6623",0.00611632858638012,0.99388367141362
"6627",0.00310675327254817,0.996893246727452
"6628",0.00268504355967802,0.997314956440322
"6630",0.00461432853000232,0.995385671469998
"6634",0.00122958975448584,0.998770410245514
"6638",0.999764145284357,0.000235854715643052
"6639",0.0040405817848036,0.995959418215196
"6640",0.00528762737315636,0.994712372626844
"6644",0.24329235505326,0.75670764494674
"6645",0.0185233427109044,0.981476657289096
"6647",0.397662391607477,0.602337608392523
"6652",0.0115777004272449,0.988422299572755
"6653",0.00819770417690202,0.991802295823098
"6654",0.829061167241234,0.170938832758766
"6659",0.166266949880702,0.833733050119298
"6660",0.750680472150775,0.249319527849225
"6661",0.0362484067337088,0.963751593266291
"6669",0.0228002774841987,0.977199722515801
"6675",0.00033570426921492,0.999664295730785
"6677",0.000785763392800898,0.999214236607199
"6679",0.0452971059138908,0.954702894086109
"6684",0.0111158803840695,0.98888411961593
"6685",0.984526700402851,0.0154732995971488
"6690",0.485669628350514,0.514330371649486
"6694",0.0371763570113094,0.962823642988691
"6695",0.0975099603481635,0.902490039651836
"6700",0.683851030123559,0.316148969876441
"6701",0.0384801054408324,0.961519894559168
"6704",0.0160401903686587,0.983959809631341
"6708",0.314329942683214,0.685670057316786
"6713",0.685233785877311,0.314766214122689
"6714",0.970299758435851,0.0297002415641494
"6718",0.00330047011054946,0.996699529889451
"6723",0.0021513033355266,0.997848696664473
"6724",0.095811689901365,0.904188310098635
"6725",0.000787821372813635,0.999212178627186
"6727",0.0522366710938867,0.947763328906113
"6730",0.0160599267130129,0.983940073286987
"6732",0.932102316156743,0.067897683843257
"6734",0.371949673639984,0.628050326360016
"6735",0.0965976527482071,0.903402347251793
"6737",0.00425960592505492,0.995740394074945
"6738",0.0360244212794381,0.963975578720562
"6750",0.00916674444968268,0.990833255550317
"6751",0.950945163973775,0.0490548360262245
"6752",0.00112494904912674,0.998875050950873
"6753",0.0203745690880505,0.97962543091195
"6755",0.0265700193053146,0.973429980694685
"6756",0.0118750757496198,0.98812492425038
"6759",0.00225495267661335,0.997745047323387
"6761",0.0778397467260823,0.922160253273918
"6763",0.00130988525424225,0.998690114745758
"6775",0.0110391034777361,0.988960896522264
"6786",0.000461699871369237,0.999538300128631
"6790",0.156089530331884,0.843910469668116
"6792",0.991928020712279,0.00807197928772083
"6793",0.0404998363699864,0.959500163630014
"6795",0.0397637018417334,0.960236298158267
"6797",0.241463213737253,0.758536786262747
"6807",0.526707017246524,0.473292982753476
"6809",0.00739004738487647,0.992609952615124
"6820",0.0332271666365005,0.9667728333635
"6821",0.0118192668317831,0.988180733168217
"6822",0.492054477562318,0.507945522437682
"6833",0.123802917865252,0.876197082134748
"6835",0.401073130256807,0.598926869743193
"6841",0.998298861599347,0.00170113840065347
"6842",0.611999629560898,0.388000370439102
"6849",0.022627551433383,0.977372448566617
"6851",0.98411807795979,0.0158819220402099
"6857",0.00759991140414806,0.992400088595852
"6861",0.00323283506799654,0.996767164932003
"6862",0.00248140512804396,0.997518594871956
"6867",0.256513727484748,0.743486272515252
"6870",0.00130747921180296,0.998692520788197
"6878",0.0716961000233501,0.92830389997665
"6880",0.0302331925751577,0.969766807424842
"6882",0.999222313004873,0.000777686995127042
"6889",0.711019188006384,0.288980811993616
"6890",0.000546802294411397,0.999453197705589
"6891",0.0248649938129194,0.975135006187081
"6892",0.423943032653839,0.576056967346161
"6895",0.141826502297983,0.858173497702017
"6897",0.991834865592311,0.00816513440768928
"6899",0.238762538072333,0.761237461927667
"6910",0.998274825512552,0.00172517448744784
"6911",0.0052329024392983,0.994767097560702
"6912",0.0028424856101219,0.997157514389878
"6915",0.71961189009178,0.28038810990822
"6917",0.112990296176281,0.887009703823719
"6920",0.00995476508893023,0.99004523491107
"6925",0.0446595510767769,0.955340448923223
"6929",0.611776003987962,0.388223996012038
"6933",0.0499951222042228,0.950004877795777
"6942",0.22078352518714,0.77921647481286
"6945",0.0032249735638239,0.996775026436176
"6946",0.970170763991679,0.0298292360083208
"6947",0.998709632428384,0.00129036757161621
"6952",0.00362528512839777,0.996374714871602
"6953",0.917735667567087,0.082264332432913
"6955",0.0170610654940103,0.98293893450599
"6972",0.104451538400662,0.895548461599338
"6977",0.325445689799304,0.674554310200696
"6978",0.141690056806626,0.858309943193374
"6979",0.0347929117658421,0.965207088234158
"6980",0.0129451478012206,0.987054852198779
"6987",0.1861399645406,0.8138600354594
"6990",0.00427426324104141,0.995725736758959
"6995",0.055911762363909,0.944088237636091
"6998",0.956014475796333,0.0439855242036673
"7002",0.141635123305207,0.858364876694793
"7004",0.0357071554279703,0.96429284457203
"7012",0.135001149385029,0.864998850614971
"7015",0.925730058626994,0.0742699413730059
"7016",0.125222162756937,0.874777837243063
"7023",0.828065489026974,0.171934510973026
"7024",0.833235488785362,0.166764511214638
"7028",0.00220365873408546,0.997796341265915
"7031",0.213563818859255,0.786436181140745
"7040",0.289843496601557,0.710156503398443
"7048",0.018855665559202,0.981144334440798
"7050",0.0125676859196453,0.987432314080355
"7051",0.239519926165275,0.760480073834725
"7054",0.00193906322022974,0.99806093677977
"7057",0.114885653436114,0.885114346563886
"7058",0.00416996539105818,0.995830034608942
"7062",0.988156095582148,0.0118439044178521
"7065",0.166976868552974,0.833023131447026
"7070",0.096560640060534,0.903439359939466
"7073",0.668514156941784,0.331485843058216
"7074",0.000388449606536723,0.999611550393463
"7075",0.021705008142929,0.978294991857071
"7076",0.0836315232825356,0.916368476717464
"7077",0.00159384714529831,0.998406152854702
"7081",0.94305783515829,0.0569421648417104
